decision_event_id,stream_id,packet_status,latest_timestamp_quality,latest_gap_seconds,review_required
EOBnMz2Y_9k-PE-009,EOBnMz2Y_9k,READY,MEDIUM,68,YES
CPGcMydNbbQ-PE-007,CPGcMydNbbQ,READY,LOW,44,YES
CPGcMydNbbQ-PE-008,CPGcMydNbbQ,READY,LOW,110,YES
CPGcMydNbbQ-PE-009,CPGcMydNbbQ,READY,LOW,88,YES
CPGcMydNbbQ-PE-010,CPGcMydNbbQ,READY,LOW,147,YES
CPGcMydNbbQ-PE-011,CPGcMydNbbQ,READY,LOW,208,YES
CPGcMydNbbQ-PE-012,CPGcMydNbbQ,READY,LOW,70,YES
CPGcMydNbbQ-PE-013,CPGcMydNbbQ,READY,LOW,120,YES
WUblCihXgPU-PE-004,WUblCihXgPU,READY,MEDIUM,97,YES
WUblCihXgPU-PE-006,WUblCihXgPU,READY,MEDIUM,26,YES
WUblCihXgPU-PE-012,WUblCihXgPU,READY,LOW,62,YES
1E65DgTFxe0-PE-001,1E65DgTFxe0,MANUAL_PRESTREAM,,,YES
1E65DgTFxe0-PE-008,1E65DgTFxe0,READY,HIGH,193,YES
U5CphnzaXio-PE-004,U5CphnzaXio,READY,HIGH,262,YES
U5CphnzaXio-PE-005,U5CphnzaXio,READY,LOW,57,YES
OpMzvMNNrHM-PE-004,OpMzvMNNrHM,READY,MEDIUM,20,YES
OpMzvMNNrHM-PE-005,OpMzvMNNrHM,READY,MEDIUM,100,YES
OpMzvMNNrHM-PE-008,OpMzvMNNrHM,READY,MEDIUM,186,YES
OpMzvMNNrHM-PE-009,OpMzvMNNrHM,READY,LOW,56,YES
y2Oun9g9abk-PE-001,y2Oun9g9abk,READY,PIPELINE_GUARANTEED,295,YES
y2Oun9g9abk-PE-002,y2Oun9g9abk,READY,LOW,69,YES
y2Oun9g9abk-PE-003,y2Oun9g9abk,READY,LOW,207,YES
y2Oun9g9abk-PE-004,y2Oun9g9abk,READY,LOW,140,YES
y2Oun9g9abk-PE-005,y2Oun9g9abk,READY,LOW,113,YES
y2Oun9g9abk-PE-006,y2Oun9g9abk,READY,LOW,38,YES
y2Oun9g9abk-PE-007,y2Oun9g9abk,READY,LOW,79,YES
y2Oun9g9abk-PE-008,y2Oun9g9abk,READY,LOW,39,YES
y2Oun9g9abk-PE-009,y2Oun9g9abk,READY,LOW,153,YES
yMdyi-c_Jqk-PB-001,yMdyi-c_Jqk,READY,LOW,143,YES
yMdyi-c_Jqk-PB-002,yMdyi-c_Jqk,READY,LOW,143,YES
_DK9mCSob5o-PB-003,_DK9mCSob5o,READY,LOW,149,YES
_DK9mCSob5o-PB-004,_DK9mCSob5o,READY,LOW,20,YES
_DK9mCSob5o-PB-005,_DK9mCSob5o,READY,LOW,78,YES
_DK9mCSob5o-PB-006,_DK9mCSob5o,READY,LOW,130,YES
_DK9mCSob5o-PB-007,_DK9mCSob5o,READY,LOW,92,YES
_DK9mCSob5o-PB-008,_DK9mCSob5o,READY,LOW,84,YES
_DK9mCSob5o-PB-009,_DK9mCSob5o,READY,LOW,117,YES
_DK9mCSob5o-PB-010,_DK9mCSob5o,READY,LOW,166,YES
_DK9mCSob5o-PB-011,_DK9mCSob5o,READY,LOW,100,YES
_DK9mCSob5o-PB-012,_DK9mCSob5o,READY,LOW,104,YES
_DK9mCSob5o-PB-013,_DK9mCSob5o,READY,LOW,22,YES
_DK9mCSob5o-PB-014,_DK9mCSob5o,READY,LOW,190,YES
C18mm9p2oW4-PB-001,C18mm9p2oW4,READY,PIPELINE_GUARANTEED,192,YES
C18mm9p2oW4-PB-002,C18mm9p2oW4,READY,LOW,119,YES
C18mm9p2oW4-PB-003,C18mm9p2oW4,READY,LOW,79,YES
C18mm9p2oW4-PB-004,C18mm9p2oW4,READY,LOW,41,YES
C18mm9p2oW4-PB-005,C18mm9p2oW4,READY,LOW,41,YES
C18mm9p2oW4-PB-006,C18mm9p2oW4,READY,LOW,90,YES
C18mm9p2oW4-PB-007,C18mm9p2oW4,READY,LOW,93,YES
C18mm9p2oW4-PB-008,C18mm9p2oW4,READY,LOW,37,YES
C18mm9p2oW4-PB-009,C18mm9p2oW4,READY,LOW,52,YES
B83jlxwuo10-PB-002,B83jlxwuo10,READY,LOW,53,YES
B83jlxwuo10-PB-003,B83jlxwuo10,READY,LOW,142,YES
B83jlxwuo10-PB-004,B83jlxwuo10,READY,LOW,62,YES
B83jlxwuo10-PB-005,B83jlxwuo10,READY,LOW,83,YES
B83jlxwuo10-PB-006,B83jlxwuo10,READY,LOW,27,YES
B83jlxwuo10-PB-007,B83jlxwuo10,READY,LOW,28,YES
B83jlxwuo10-PB-008,B83jlxwuo10,READY,MEDIUM,61,YES
CKTqdFza1HE-PB2-004,CKTqdFza1HE,READY,HIGH,230,YES
q6wgyFyzIs0-PB2-002,q6wgyFyzIs0,READY,LOW,124,YES
q6wgyFyzIs0-PB2-003,q6wgyFyzIs0,READY,LOW,57,YES
q6wgyFyzIs0-PB2-004,q6wgyFyzIs0,READY,LOW,20,YES
q6wgyFyzIs0-PB2-005,q6wgyFyzIs0,READY,LOW,80,YES
q6wgyFyzIs0-PB2-006,q6wgyFyzIs0,READY,LOW,52,YES
q6wgyFyzIs0-PB2-007,q6wgyFyzIs0,READY,LOW,31,YES
q6wgyFyzIs0-PB2-008,q6wgyFyzIs0,READY,LOW,82,YES
q6wgyFyzIs0-PB2-009,q6wgyFyzIs0,READY,LOW,47,YES
q6wgyFyzIs0-PB2-010,q6wgyFyzIs0,READY,LOW,25,YES
q6wgyFyzIs0-PB2-011,q6wgyFyzIs0,READY,LOW,92,YES
u7KGSeF2lA0-PB2-008,u7KGSeF2lA0,READY,HIGH,227,YES
u7KGSeF2lA0-PB2-010,u7KGSeF2lA0,READY,MEDIUM,139,YES
W2oZdVu2rxE-PB3-009,W2oZdVu2rxE,READY,LOW,58,YES
NIDMLJuBPwk-PB3-007,NIDMLJuBPwk,READY,LOW,79,YES
OCBsHuFhjUQ-PB4-007,OCBsHuFhjUQ,READY,HIGH,237,YES
OCBsHuFhjUQ-PB4-010,OCBsHuFhjUQ,READY,MEDIUM,92,YES
KsWpzeJhAVk-PB4-008,KsWpzeJhAVk,READY,MEDIUM,56,YES
EVm0u9Csglk-PB4-008,EVm0u9Csglk,READY,LOW,40,YES
HwXIifB0P6o-PB5-001,HwXIifB0P6o,READY,MEDIUM,41,YES
HOidQitTyAc-PB5-007,HOidQitTyAc,READY,LOW,119,YES
aEw6393GE1c-PB5-001,aEw6393GE1c,MANUAL_PRESTREAM,,,YES
h93tKxejXwQ-PB5-005,h93tKxejXwQ,READY,LOW,83,YES
9D7wgJCdP5c-PB6-002,9D7wgJCdP5c,READY,MEDIUM,40,YES
9D7wgJCdP5c-PB6-008,9D7wgJCdP5c,READY,LOW,44,YES
suuicaoUvDQ-PB6-008,suuicaoUvDQ,READY,LOW,132,YES
wQ5uxbmLlM4-PB7-004,wQ5uxbmLlM4,READY,HIGH,210,YES
wQ5uxbmLlM4-PB7-005,wQ5uxbmLlM4,READY,LOW,135,YES
NPUPkMWzKTE-PB7-001,NPUPkMWzKTE,READY,MEDIUM,82,YES
NPUPkMWzKTE-PB7-004,NPUPkMWzKTE,READY,MEDIUM,116,YES
NPUPkMWzKTE-PB7-005,NPUPkMWzKTE,READY,HIGH,200,YES
mGJ4dtVjlxE-PB8-004,mGJ4dtVjlxE,READY,LOW,103,YES
CqEhHmcjeyQ-PB8-001,CqEhHmcjeyQ,READY,HIGH,219,YES
CqEhHmcjeyQ-PB8-003,CqEhHmcjeyQ,READY,LOW,100,YES
CqEhHmcjeyQ-PB8-004,CqEhHmcjeyQ,READY,MEDIUM,39,YES
