decision_event_id,stream_id,event_seconds,packet_status,latest_panel_file,latest_panel_seconds,latest_gap_seconds,latest_timestamp_quality,panels
EOBnMz2Y_9k-PE-001,EOBnMz2Y_9k,1216.0,READY,EOBnMz2Y_9k_01__p3_br.jpg,1060,156,HIGH,EOBnMz2Y_9k_01__p0_tl.jpg@640s[HIGH:95.8]|EOBnMz2Y_9k_01__p1_tr.jpg@760s[HIGH:96.2]|EOBnMz2Y_9k_01__p2_bl.jpg@920s[HIGH:95.1]|EOBnMz2Y_9k_01__p3_br.jpg@1060s[HIGH:95.2]
EOBnMz2Y_9k-PE-002,EOBnMz2Y_9k,1470.0,READY,EOBnMz2Y_9k_02__p2_bl.jpg,1440,30,HIGH,EOBnMz2Y_9k_01__p3_br.jpg@1060s[HIGH:95.2]|EOBnMz2Y_9k_02__p0_tl.jpg@1240s[HIGH:96.5]|EOBnMz2Y_9k_02__p1_tr.jpg@1340s[HIGH:93.2]|EOBnMz2Y_9k_02__p2_bl.jpg@1440s[HIGH:93.4]
EOBnMz2Y_9k-PE-003,EOBnMz2Y_9k,1788.0,READY,EOBnMz2Y_9k_03__p0_tl.jpg,1680,108,HIGH,EOBnMz2Y_9k_02__p1_tr.jpg@1340s[HIGH:93.2]|EOBnMz2Y_9k_02__p2_bl.jpg@1440s[HIGH:93.4]|EOBnMz2Y_9k_02__p3_br.jpg@1540s[HIGH:96.2]|EOBnMz2Y_9k_03__p0_tl.jpg@1680s[HIGH:95.3]
EOBnMz2Y_9k-PE-004,EOBnMz2Y_9k,1858.0,READY,EOBnMz2Y_9k_03__p1_tr.jpg,1780,78,HIGH,EOBnMz2Y_9k_02__p2_bl.jpg@1440s[HIGH:93.4]|EOBnMz2Y_9k_02__p3_br.jpg@1540s[HIGH:96.2]|EOBnMz2Y_9k_03__p0_tl.jpg@1680s[HIGH:95.3]|EOBnMz2Y_9k_03__p1_tr.jpg@1780s[HIGH:96.2]
EOBnMz2Y_9k-PE-005,EOBnMz2Y_9k,2616.0,READY,EOBnMz2Y_9k_04__p2_bl.jpg,2440,176,HIGH,EOBnMz2Y_9k_03__p3_br.jpg@2060s[HIGH:93.9]|EOBnMz2Y_9k_04__p0_tl.jpg@2160s[HIGH:96.8]|EOBnMz2Y_9k_04__p1_tr.jpg@2300s[HIGH:93.9]|EOBnMz2Y_9k_04__p2_bl.jpg@2440s[HIGH:96.2]
EOBnMz2Y_9k-PE-006,EOBnMz2Y_9k,3003.0,READY,EOBnMz2Y_9k_05__p2_bl.jpg,2940,63,HIGH,EOBnMz2Y_9k_04__p3_br.jpg@2600s[HIGH:94.7]|EOBnMz2Y_9k_05__p0_tl.jpg@2720s[LOW:0.0]|EOBnMz2Y_9k_05__p1_tr.jpg@2820s[LOW:0.0]|EOBnMz2Y_9k_05__p2_bl.jpg@2940s[HIGH:90.2]
EOBnMz2Y_9k-PE-007,EOBnMz2Y_9k,3128.0,READY,EOBnMz2Y_9k_05__p3_br.jpg,3040,88,HIGH,EOBnMz2Y_9k_05__p0_tl.jpg@2720s[LOW:0.0]|EOBnMz2Y_9k_05__p1_tr.jpg@2820s[LOW:0.0]|EOBnMz2Y_9k_05__p2_bl.jpg@2940s[HIGH:90.2]|EOBnMz2Y_9k_05__p3_br.jpg@3040s[HIGH:96.0]
EOBnMz2Y_9k-PE-008,EOBnMz2Y_9k,3192.0,READY,EOBnMz2Y_9k_06__p0_tl.jpg,3140,52,HIGH,EOBnMz2Y_9k_05__p1_tr.jpg@2820s[LOW:0.0]|EOBnMz2Y_9k_05__p2_bl.jpg@2940s[HIGH:90.2]|EOBnMz2Y_9k_05__p3_br.jpg@3040s[HIGH:96.0]|EOBnMz2Y_9k_06__p0_tl.jpg@3140s[HIGH:94.7]
EOBnMz2Y_9k-PE-009,EOBnMz2Y_9k,3568.0,READY,EOBnMz2Y_9k_06__p3_br.jpg,3500,68,MEDIUM,EOBnMz2Y_9k_06__p0_tl.jpg@3140s[HIGH:94.7]|EOBnMz2Y_9k_06__p1_tr.jpg@3260s[HIGH:96.4]|EOBnMz2Y_9k_06__p2_bl.jpg@3380s[HIGH:96.3]|EOBnMz2Y_9k_06__p3_br.jpg@3500s[MEDIUM:65.0]
CPGcMydNbbQ-PE-001,CPGcMydNbbQ,259.0,READY,CPGcMydNbbQ_00__p1_tr.jpg,180,79,HIGH,CPGcMydNbbQ_00__p0_tl.jpg@0s[PIPELINE_GUARANTEED:100.0]|CPGcMydNbbQ_00__p1_tr.jpg@180s[HIGH:95.9]
CPGcMydNbbQ-PE-002,CPGcMydNbbQ,322.0,READY,CPGcMydNbbQ_00__p2_bl.jpg,300,22,HIGH,CPGcMydNbbQ_00__p0_tl.jpg@0s[PIPELINE_GUARANTEED:100.0]|CPGcMydNbbQ_00__p1_tr.jpg@180s[HIGH:95.9]|CPGcMydNbbQ_00__p2_bl.jpg@300s[HIGH:96.1]
CPGcMydNbbQ-PE-003,CPGcMydNbbQ,1220.0,READY,CPGcMydNbbQ_02__p1_tr.jpg,1120,100,HIGH,CPGcMydNbbQ_01__p2_bl.jpg@740s[HIGH:95.9]|CPGcMydNbbQ_01__p3_br.jpg@860s[HIGH:95.7]|CPGcMydNbbQ_02__p0_tl.jpg@960s[HIGH:95.6]|CPGcMydNbbQ_02__p1_tr.jpg@1120s[HIGH:84.3]
CPGcMydNbbQ-PE-004,CPGcMydNbbQ,1283.0,READY,CPGcMydNbbQ_02__p2_bl.jpg,1240,43,HIGH,CPGcMydNbbQ_01__p3_br.jpg@860s[HIGH:95.7]|CPGcMydNbbQ_02__p0_tl.jpg@960s[HIGH:95.6]|CPGcMydNbbQ_02__p1_tr.jpg@1120s[HIGH:84.3]|CPGcMydNbbQ_02__p2_bl.jpg@1240s[HIGH:95.9]
CPGcMydNbbQ-PE-005,CPGcMydNbbQ,1378.0,READY,CPGcMydNbbQ_02__p3_br.jpg,1340,38,HIGH,CPGcMydNbbQ_02__p0_tl.jpg@960s[HIGH:95.6]|CPGcMydNbbQ_02__p1_tr.jpg@1120s[HIGH:84.3]|CPGcMydNbbQ_02__p2_bl.jpg@1240s[HIGH:95.9]|CPGcMydNbbQ_02__p3_br.jpg@1340s[HIGH:93.4]
CPGcMydNbbQ-PE-006,CPGcMydNbbQ,1662.0,READY,CPGcMydNbbQ_03__p1_tr.jpg,1640,22,HIGH,CPGcMydNbbQ_02__p2_bl.jpg@1240s[HIGH:95.9]|CPGcMydNbbQ_02__p3_br.jpg@1340s[HIGH:93.4]|CPGcMydNbbQ_03__p0_tl.jpg@1460s[HIGH:95.4]|CPGcMydNbbQ_03__p1_tr.jpg@1640s[HIGH:95.1]
CPGcMydNbbQ-PE-007,CPGcMydNbbQ,2244.0,READY,CPGcMydNbbQ_04__p2_bl.jpg,2200,44,LOW,CPGcMydNbbQ_03__p3_br.jpg@1880s[HIGH:96.4]|CPGcMydNbbQ_04__p0_tl.jpg@1980s[HIGH:96.6]|CPGcMydNbbQ_04__p1_tr.jpg@2100s[HIGH:96.5]|CPGcMydNbbQ_04__p2_bl.jpg@2200s[LOW:0.0]
CPGcMydNbbQ-PE-008,CPGcMydNbbQ,2570.0,READY,CPGcMydNbbQ_05__p0_tl.jpg,2460,110,LOW,CPGcMydNbbQ_04__p1_tr.jpg@2100s[HIGH:96.5]|CPGcMydNbbQ_04__p2_bl.jpg@2200s[LOW:0.0]|CPGcMydNbbQ_04__p3_br.jpg@2360s[LOW:0.0]|CPGcMydNbbQ_05__p0_tl.jpg@2460s[LOW:0.0]
CPGcMydNbbQ-PE-009,CPGcMydNbbQ,2708.0,READY,CPGcMydNbbQ_05__p1_tr.jpg,2620,88,LOW,CPGcMydNbbQ_04__p2_bl.jpg@2200s[LOW:0.0]|CPGcMydNbbQ_04__p3_br.jpg@2360s[LOW:0.0]|CPGcMydNbbQ_05__p0_tl.jpg@2460s[LOW:0.0]|CPGcMydNbbQ_05__p1_tr.jpg@2620s[LOW:0.0]
CPGcMydNbbQ-PE-010,CPGcMydNbbQ,3007.0,READY,CPGcMydNbbQ_05__p3_br.jpg,2860,147,LOW,CPGcMydNbbQ_05__p0_tl.jpg@2460s[LOW:0.0]|CPGcMydNbbQ_05__p1_tr.jpg@2620s[LOW:0.0]|CPGcMydNbbQ_05__p2_bl.jpg@2760s[LOW:0.0]|CPGcMydNbbQ_05__p3_br.jpg@2860s[LOW:0.0]
CPGcMydNbbQ-PE-011,CPGcMydNbbQ,3068.0,READY,CPGcMydNbbQ_05__p3_br.jpg,2860,208,LOW,CPGcMydNbbQ_05__p0_tl.jpg@2460s[LOW:0.0]|CPGcMydNbbQ_05__p1_tr.jpg@2620s[LOW:0.0]|CPGcMydNbbQ_05__p2_bl.jpg@2760s[LOW:0.0]|CPGcMydNbbQ_05__p3_br.jpg@2860s[LOW:0.0]
CPGcMydNbbQ-PE-012,CPGcMydNbbQ,3690.0,READY,CPGcMydNbbQ_07__p1_tr.jpg,3620,70,LOW,CPGcMydNbbQ_06__p2_bl.jpg@3200s[LOW:0.0]|CPGcMydNbbQ_06__p3_br.jpg@3320s[LOW:0.0]|CPGcMydNbbQ_07__p0_tl.jpg@3480s[LOW:0.0]|CPGcMydNbbQ_07__p1_tr.jpg@3620s[LOW:0.0]
CPGcMydNbbQ-PE-013,CPGcMydNbbQ,3840.0,READY,CPGcMydNbbQ_07__p2_bl.jpg,3720,120,LOW,CPGcMydNbbQ_06__p3_br.jpg@3320s[LOW:0.0]|CPGcMydNbbQ_07__p0_tl.jpg@3480s[LOW:0.0]|CPGcMydNbbQ_07__p1_tr.jpg@3620s[LOW:0.0]|CPGcMydNbbQ_07__p2_bl.jpg@3720s[LOW:0.0]
WUblCihXgPU-PE-001,WUblCihXgPU,82.0,READY,WUblCihXgPU_00__p0_tl.jpg,0,82,PIPELINE_GUARANTEED,WUblCihXgPU_00__p0_tl.jpg@0s[PIPELINE_GUARANTEED:100.0]
WUblCihXgPU-PE-002,WUblCihXgPU,307.0,READY,WUblCihXgPU_00__p1_tr.jpg,160,147,HIGH,WUblCihXgPU_00__p0_tl.jpg@0s[PIPELINE_GUARANTEED:100.0]|WUblCihXgPU_00__p1_tr.jpg@160s[HIGH:83.9]
WUblCihXgPU-PE-003,WUblCihXgPU,480.0,READY,WUblCihXgPU_00__p2_bl.jpg,380,100,HIGH,WUblCihXgPU_00__p0_tl.jpg@0s[PIPELINE_GUARANTEED:100.0]|WUblCihXgPU_00__p1_tr.jpg@160s[HIGH:83.9]|WUblCihXgPU_00__p2_bl.jpg@380s[HIGH:95.3]
WUblCihXgPU-PE-004,WUblCihXgPU,617.0,READY,WUblCihXgPU_00__p3_br.jpg,520,97,MEDIUM,WUblCihXgPU_00__p0_tl.jpg@0s[PIPELINE_GUARANTEED:100.0]|WUblCihXgPU_00__p1_tr.jpg@160s[HIGH:83.9]|WUblCihXgPU_00__p2_bl.jpg@380s[HIGH:95.3]|WUblCihXgPU_00__p3_br.jpg@520s[MEDIUM:72.0]
WUblCihXgPU-PE-005,WUblCihXgPU,1033.0,READY,WUblCihXgPU_01__p2_bl.jpg,960,73,HIGH,WUblCihXgPU_00__p3_br.jpg@520s[MEDIUM:72.0]|WUblCihXgPU_01__p0_tl.jpg@660s[HIGH:96.0]|WUblCihXgPU_01__p1_tr.jpg@820s[HIGH:94.8]|WUblCihXgPU_01__p2_bl.jpg@960s[HIGH:95.5]
WUblCihXgPU-PE-006,WUblCihXgPU,1106.0,READY,WUblCihXgPU_01__p3_br.jpg,1080,26,MEDIUM,WUblCihXgPU_01__p0_tl.jpg@660s[HIGH:96.0]|WUblCihXgPU_01__p1_tr.jpg@820s[HIGH:94.8]|WUblCihXgPU_01__p2_bl.jpg@960s[HIGH:95.5]|WUblCihXgPU_01__p3_br.jpg@1080s[MEDIUM:78.7]
WUblCihXgPU-PE-007,WUblCihXgPU,1294.0,READY,WUblCihXgPU_02__p0_tl.jpg,1260,34,HIGH,WUblCihXgPU_01__p1_tr.jpg@820s[HIGH:94.8]|WUblCihXgPU_01__p2_bl.jpg@960s[HIGH:95.5]|WUblCihXgPU_01__p3_br.jpg@1080s[MEDIUM:78.7]|WUblCihXgPU_02__p0_tl.jpg@1260s[HIGH:95.4]
WUblCihXgPU-PE-008,WUblCihXgPU,1440.0,READY,WUblCihXgPU_02__p1_tr.jpg,1360,80,HIGH,WUblCihXgPU_01__p2_bl.jpg@960s[HIGH:95.5]|WUblCihXgPU_01__p3_br.jpg@1080s[MEDIUM:78.7]|WUblCihXgPU_02__p0_tl.jpg@1260s[HIGH:95.4]|WUblCihXgPU_02__p1_tr.jpg@1360s[HIGH:91.7]
WUblCihXgPU-PE-009,WUblCihXgPU,1800.0,READY,WUblCihXgPU_03__p0_tl.jpg,1680,120,HIGH,WUblCihXgPU_02__p1_tr.jpg@1360s[HIGH:91.7]|WUblCihXgPU_02__p2_bl.jpg@1480s[HIGH:96.2]|WUblCihXgPU_02__p3_br.jpg@1580s[HIGH:94.6]|WUblCihXgPU_03__p0_tl.jpg@1680s[HIGH:95.3]
WUblCihXgPU-PE-010,WUblCihXgPU,2400.0,READY,WUblCihXgPU_04__p1_tr.jpg,2340,60,HIGH,WUblCihXgPU_03__p2_bl.jpg@1940s[HIGH:94.2]|WUblCihXgPU_03__p3_br.jpg@2080s[HIGH:94.0]|WUblCihXgPU_04__p0_tl.jpg@2220s[HIGH:96.6]|WUblCihXgPU_04__p1_tr.jpg@2340s[HIGH:96.6]
WUblCihXgPU-PE-011,WUblCihXgPU,2655.0,READY,WUblCihXgPU_04__p3_br.jpg,2560,95,HIGH,WUblCihXgPU_04__p0_tl.jpg@2220s[HIGH:96.6]|WUblCihXgPU_04__p1_tr.jpg@2340s[HIGH:96.6]|WUblCihXgPU_04__p2_bl.jpg@2460s[HIGH:96.2]|WUblCihXgPU_04__p3_br.jpg@2560s[HIGH:91.7]
WUblCihXgPU-PE-012,WUblCihXgPU,2882.0,READY,WUblCihXgPU_05__p1_tr.jpg,2820,62,LOW,WUblCihXgPU_04__p2_bl.jpg@2460s[HIGH:96.2]|WUblCihXgPU_04__p3_br.jpg@2560s[HIGH:91.7]|WUblCihXgPU_05__p0_tl.jpg@2660s[LOW:45.1]|WUblCihXgPU_05__p1_tr.jpg@2820s[LOW:0.0]
WUblCihXgPU-PE-013,WUblCihXgPU,3733.0,READY,WUblCihXgPU_07__p0_tl.jpg,3600,133,HIGH,WUblCihXgPU_06__p1_tr.jpg@3260s[HIGH:96.4]|WUblCihXgPU_06__p2_bl.jpg@3360s[HIGH:96.5]|WUblCihXgPU_06__p3_br.jpg@3480s[MEDIUM:75.7]|WUblCihXgPU_07__p0_tl.jpg@3600s[HIGH:96.8]
WUblCihXgPU-PE-014,WUblCihXgPU,3840.0,READY,WUblCihXgPU_07__p2_bl.jpg,3820,20,HIGH,WUblCihXgPU_06__p3_br.jpg@3480s[MEDIUM:75.7]|WUblCihXgPU_07__p0_tl.jpg@3600s[HIGH:96.8]|WUblCihXgPU_07__p1_tr.jpg@3720s[HIGH:96.7]|WUblCihXgPU_07__p2_bl.jpg@3820s[HIGH:96.8]
1E65DgTFxe0-PE-001,1E65DgTFxe0,,MANUAL_PRESTREAM,,,,,
1E65DgTFxe0-PE-002,1E65DgTFxe0,180.0,READY,1E65DgTFxe0_00__p1_tr.jpg,160,20,HIGH,1E65DgTFxe0_00__p0_tl.jpg@0s[PIPELINE_GUARANTEED:100.0]|1E65DgTFxe0_00__p1_tr.jpg@160s[HIGH:83.9]
1E65DgTFxe0-PE-003,1E65DgTFxe0,602.0,READY,1E65DgTFxe0_01__p0_tl.jpg,500,102,HIGH,1E65DgTFxe0_00__p1_tr.jpg@160s[HIGH:83.9]|1E65DgTFxe0_00__p2_bl.jpg@260s[HIGH:96.4]|1E65DgTFxe0_00__p3_br.jpg@400s[HIGH:96.3]|1E65DgTFxe0_01__p0_tl.jpg@500s[HIGH:93.8]
1E65DgTFxe0-PE-004,1E65DgTFxe0,1063.0,READY,1E65DgTFxe0_02__p1_tr.jpg,1000,63,HIGH,1E65DgTFxe0_01__p2_bl.jpg@700s[HIGH:95.5]|1E65DgTFxe0_01__p3_br.jpg@800s[HIGH:95.5]|1E65DgTFxe0_02__p0_tl.jpg@900s[HIGH:95.4]|1E65DgTFxe0_02__p1_tr.jpg@1000s[HIGH:95.8]
1E65DgTFxe0-PE-005,1E65DgTFxe0,1276.0,READY,1E65DgTFxe0_02__p3_br.jpg,1240,36,HIGH,1E65DgTFxe0_02__p0_tl.jpg@900s[HIGH:95.4]|1E65DgTFxe0_02__p1_tr.jpg@1000s[HIGH:95.8]|1E65DgTFxe0_02__p2_bl.jpg@1100s[HIGH:86.3]|1E65DgTFxe0_02__p3_br.jpg@1240s[HIGH:95.1]
1E65DgTFxe0-PE-006,1E65DgTFxe0,1337.0,READY,1E65DgTFxe0_02__p3_br.jpg,1240,97,HIGH,1E65DgTFxe0_02__p0_tl.jpg@900s[HIGH:95.4]|1E65DgTFxe0_02__p1_tr.jpg@1000s[HIGH:95.8]|1E65DgTFxe0_02__p2_bl.jpg@1100s[HIGH:86.3]|1E65DgTFxe0_02__p3_br.jpg@1240s[HIGH:95.1]
1E65DgTFxe0-PE-007,1E65DgTFxe0,1795.0,READY,1E65DgTFxe0_04__p0_tl.jpg,1740,55,HIGH,1E65DgTFxe0_03__p1_tr.jpg@1440s[HIGH:95.6]|1E65DgTFxe0_03__p2_bl.jpg@1540s[HIGH:96.0]|1E65DgTFxe0_03__p3_br.jpg@1640s[HIGH:94.9]|1E65DgTFxe0_04__p0_tl.jpg@1740s[HIGH:96.3]
1E65DgTFxe0-PE-008,1E65DgTFxe0,2113.0,READY,1E65DgTFxe0_04__p1_tr.jpg,1920,193,HIGH,1E65DgTFxe0_03__p2_bl.jpg@1540s[HIGH:96.0]|1E65DgTFxe0_03__p3_br.jpg@1640s[HIGH:94.9]|1E65DgTFxe0_04__p0_tl.jpg@1740s[HIGH:96.3]|1E65DgTFxe0_04__p1_tr.jpg@1920s[HIGH:96.5]
1E65DgTFxe0-PE-009,1E65DgTFxe0,2840.0,READY,1E65DgTFxe0_05__p3_br.jpg,2720,120,HIGH,1E65DgTFxe0_05__p0_tl.jpg@2380s[HIGH:96.7]|1E65DgTFxe0_05__p1_tr.jpg@2480s[LOW:45.8]|1E65DgTFxe0_05__p2_bl.jpg@2600s[HIGH:94.5]|1E65DgTFxe0_05__p3_br.jpg@2720s[HIGH:96.4]
1E65DgTFxe0-PE-010,1E65DgTFxe0,3203.0,READY,1E65DgTFxe0_06__p2_bl.jpg,3060,143,HIGH,1E65DgTFxe0_05__p3_br.jpg@2720s[HIGH:96.4]|1E65DgTFxe0_06__p0_tl.jpg@2860s[LOW:0.0]|1E65DgTFxe0_06__p1_tr.jpg@2960s[LOW:0.0]|1E65DgTFxe0_06__p2_bl.jpg@3060s[HIGH:96.5]
U5CphnzaXio-PE-001,U5CphnzaXio,247.0,READY,U5CphnzaXio_00__p1_tr.jpg,200,47,HIGH,U5CphnzaXio_00__p0_tl.jpg@0s[PIPELINE_GUARANTEED:100.0]|U5CphnzaXio_00__p1_tr.jpg@200s[HIGH:95.9]
U5CphnzaXio-PE-002,U5CphnzaXio,437.0,READY,U5CphnzaXio_00__p2_bl.jpg,300,137,HIGH,U5CphnzaXio_00__p0_tl.jpg@0s[PIPELINE_GUARANTEED:100.0]|U5CphnzaXio_00__p1_tr.jpg@200s[HIGH:95.9]|U5CphnzaXio_00__p2_bl.jpg@300s[HIGH:96.3]
U5CphnzaXio-PE-003,U5CphnzaXio,668.0,READY,U5CphnzaXio_01__p1_tr.jpg,620,48,HIGH,U5CphnzaXio_00__p2_bl.jpg@300s[HIGH:96.3]|U5CphnzaXio_00__p3_br.jpg@420s[HIGH:93.4]|U5CphnzaXio_01__p0_tl.jpg@520s[HIGH:86.0]|U5CphnzaXio_01__p1_tr.jpg@620s[HIGH:95.7]
U5CphnzaXio-PE-004,U5CphnzaXio,1442.0,READY,U5CphnzaXio_02__p2_bl.jpg,1180,262,HIGH,U5CphnzaXio_01__p3_br.jpg@840s[HIGH:96.2]|U5CphnzaXio_02__p0_tl.jpg@1000s[HIGH:95.8]|U5CphnzaXio_02__p1_tr.jpg@1080s[HIGH:88.1]|U5CphnzaXio_02__p2_bl.jpg@1180s[HIGH:95.7]
U5CphnzaXio-PE-005,U5CphnzaXio,2537.0,READY,U5CphnzaXio_05__p0_tl.jpg,2480,57,LOW,U5CphnzaXio_04__p1_tr.jpg@2100s[HIGH:96.5]|U5CphnzaXio_04__p2_bl.jpg@2280s[MEDIUM:65.9]|U5CphnzaXio_04__p3_br.jpg@2400s[HIGH:95.7]|U5CphnzaXio_05__p0_tl.jpg@2480s[LOW:48.6]
U5CphnzaXio-PE-006,U5CphnzaXio,2472.0,READY,U5CphnzaXio_04__p3_br.jpg,2400,72,HIGH,U5CphnzaXio_04__p0_tl.jpg@1960s[HIGH:96.4]|U5CphnzaXio_04__p1_tr.jpg@2100s[HIGH:96.5]|U5CphnzaXio_04__p2_bl.jpg@2280s[MEDIUM:65.9]|U5CphnzaXio_04__p3_br.jpg@2400s[HIGH:95.7]
U5CphnzaXio-PE-007,U5CphnzaXio,3552.0,READY,U5CphnzaXio_07__p0_tl.jpg,3520,32,HIGH,U5CphnzaXio_06__p1_tr.jpg@3120s[HIGH:96.0]|U5CphnzaXio_06__p2_bl.jpg@3220s[HIGH:96.4]|U5CphnzaXio_06__p3_br.jpg@3300s[HIGH:96.5]|U5CphnzaXio_07__p0_tl.jpg@3520s[HIGH:83.4]
U5CphnzaXio-PE-008,U5CphnzaXio,3752.0,READY,U5CphnzaXio_07__p2_bl.jpg,3700,52,HIGH,U5CphnzaXio_06__p3_br.jpg@3300s[HIGH:96.5]|U5CphnzaXio_07__p0_tl.jpg@3520s[HIGH:83.4]|U5CphnzaXio_07__p1_tr.jpg@3600s[HIGH:96.8]|U5CphnzaXio_07__p2_bl.jpg@3700s[HIGH:96.8]
U5CphnzaXio-PE-009,U5CphnzaXio,4350.0,READY,U5CphnzaXio_08__p3_br.jpg,4240,110,HIGH,U5CphnzaXio_08__p0_tl.jpg@3880s[HIGH:96.3]|U5CphnzaXio_08__p1_tr.jpg@3960s[HIGH:96.8]|U5CphnzaXio_08__p2_bl.jpg@4160s[HIGH:94.7]|U5CphnzaXio_08__p3_br.jpg@4240s[HIGH:89.3]
OpMzvMNNrHM-PE-001,OpMzvMNNrHM,198.0,READY,OpMzvMNNrHM_00__p1_tr.jpg,140,58,HIGH,OpMzvMNNrHM_00__p0_tl.jpg@0s[PIPELINE_GUARANTEED:100.0]|OpMzvMNNrHM_00__p1_tr.jpg@140s[HIGH:89.2]
OpMzvMNNrHM-PE-002,OpMzvMNNrHM,960.0,READY,OpMzvMNNrHM_01__p2_bl.jpg,820,140,HIGH,OpMzvMNNrHM_00__p3_br.jpg@400s[HIGH:96.3]|OpMzvMNNrHM_01__p0_tl.jpg@480s[MEDIUM:79.2]|OpMzvMNNrHM_01__p1_tr.jpg@620s[HIGH:94.4]|OpMzvMNNrHM_01__p2_bl.jpg@820s[HIGH:94.7]
OpMzvMNNrHM-PE-003,OpMzvMNNrHM,1021.0,READY,OpMzvMNNrHM_01__p3_br.jpg,980,41,HIGH,OpMzvMNNrHM_01__p0_tl.jpg@480s[MEDIUM:79.2]|OpMzvMNNrHM_01__p1_tr.jpg@620s[HIGH:94.4]|OpMzvMNNrHM_01__p2_bl.jpg@820s[HIGH:94.7]|OpMzvMNNrHM_01__p3_br.jpg@980s[HIGH:95.4]
OpMzvMNNrHM-PE-004,OpMzvMNNrHM,1360.0,READY,OpMzvMNNrHM_02__p3_br.jpg,1340,20,MEDIUM,OpMzvMNNrHM_02__p0_tl.jpg@1080s[HIGH:95.7]|OpMzvMNNrHM_02__p1_tr.jpg@1160s[HIGH:94.6]|OpMzvMNNrHM_02__p2_bl.jpg@1260s[HIGH:85.9]|OpMzvMNNrHM_02__p3_br.jpg@1340s[MEDIUM:54.1]
OpMzvMNNrHM-PE-005,OpMzvMNNrHM,1440.0,READY,OpMzvMNNrHM_02__p3_br.jpg,1340,100,MEDIUM,OpMzvMNNrHM_02__p0_tl.jpg@1080s[HIGH:95.7]|OpMzvMNNrHM_02__p1_tr.jpg@1160s[HIGH:94.6]|OpMzvMNNrHM_02__p2_bl.jpg@1260s[HIGH:85.9]|OpMzvMNNrHM_02__p3_br.jpg@1340s[MEDIUM:54.1]
OpMzvMNNrHM-PE-006,OpMzvMNNrHM,1953.0,READY,OpMzvMNNrHM_03__p3_br.jpg,1840,113,HIGH,OpMzvMNNrHM_03__p0_tl.jpg@1440s[MEDIUM:68.9]|OpMzvMNNrHM_03__p1_tr.jpg@1580s[HIGH:92.5]|OpMzvMNNrHM_03__p2_bl.jpg@1740s[MEDIUM:66.6]|OpMzvMNNrHM_03__p3_br.jpg@1840s[HIGH:95.6]
OpMzvMNNrHM-PE-007,OpMzvMNNrHM,2283.0,READY,OpMzvMNNrHM_04__p2_bl.jpg,2260,23,HIGH,OpMzvMNNrHM_03__p3_br.jpg@1840s[HIGH:95.6]|OpMzvMNNrHM_04__p0_tl.jpg@1940s[HIGH:90.6]|OpMzvMNNrHM_04__p1_tr.jpg@2040s[HIGH:86.4]|OpMzvMNNrHM_04__p2_bl.jpg@2260s[HIGH:88.2]
OpMzvMNNrHM-PE-008,OpMzvMNNrHM,2786.0,READY,OpMzvMNNrHM_05__p2_bl.jpg,2600,186,MEDIUM,OpMzvMNNrHM_04__p3_br.jpg@2340s[HIGH:91.6]|OpMzvMNNrHM_05__p0_tl.jpg@2480s[HIGH:94.9]|OpMzvMNNrHM_05__p1_tr.jpg@2580s[HIGH:84.4]|OpMzvMNNrHM_05__p2_bl.jpg@2600s[MEDIUM:78.7]
OpMzvMNNrHM-PE-009,OpMzvMNNrHM,3356.0,READY,OpMzvMNNrHM_06__p2_bl.jpg,3300,56,LOW,OpMzvMNNrHM_05__p2_bl.jpg@2600s[MEDIUM:78.7]|OpMzvMNNrHM_05__p3_br.jpg@2980s[HIGH:92.0]|OpMzvMNNrHM_06__p1_tr.jpg@3180s[LOW:0.0]|OpMzvMNNrHM_06__p2_bl.jpg@3300s[LOW:13.3]
OpMzvMNNrHM-PE-010,OpMzvMNNrHM,3611.0,READY,OpMzvMNNrHM_07__p0_tl.jpg,3480,131,HIGH,OpMzvMNNrHM_06__p1_tr.jpg@3180s[LOW:0.0]|OpMzvMNNrHM_06__p2_bl.jpg@3300s[LOW:13.3]|OpMzvMNNrHM_06__p3_br.jpg@3400s[HIGH:94.8]|OpMzvMNNrHM_07__p0_tl.jpg@3480s[HIGH:91.5]
qTSedn6hEp8-PE-001,qTSedn6hEp8,58.0,READY,qTSedn6hEp8_00__p0_tl.jpg,0,58,PIPELINE_GUARANTEED,qTSedn6hEp8_00__p0_tl.jpg@0s[PIPELINE_GUARANTEED:100.0]
qTSedn6hEp8-PE-002,qTSedn6hEp8,480.0,READY,qTSedn6hEp8_00__p3_br.jpg,420,60,HIGH,qTSedn6hEp8_00__p0_tl.jpg@0s[PIPELINE_GUARANTEED:100.0]|qTSedn6hEp8_00__p1_tr.jpg@140s[HIGH:93.9]|qTSedn6hEp8_00__p2_bl.jpg@300s[HIGH:96.1]|qTSedn6hEp8_00__p3_br.jpg@420s[HIGH:94.5]
qTSedn6hEp8-PE-003,qTSedn6hEp8,740.0,READY,qTSedn6hEp8_01__p1_tr.jpg,640,100,HIGH,qTSedn6hEp8_00__p2_bl.jpg@300s[HIGH:96.1]|qTSedn6hEp8_00__p3_br.jpg@420s[HIGH:94.5]|qTSedn6hEp8_01__p0_tl.jpg@520s[HIGH:86.0]|qTSedn6hEp8_01__p1_tr.jpg@640s[HIGH:95.8]
qTSedn6hEp8-PE-004,qTSedn6hEp8,1500.0,READY,qTSedn6hEp8_03__p0_tl.jpg,1460,40,HIGH,qTSedn6hEp8_02__p1_tr.jpg@1120s[HIGH:84.3]|qTSedn6hEp8_02__p2_bl.jpg@1240s[HIGH:95.7]|qTSedn6hEp8_02__p3_br.jpg@1340s[HIGH:93.7]|qTSedn6hEp8_03__p0_tl.jpg@1460s[HIGH:95.4]
qTSedn6hEp8-PE-005,qTSedn6hEp8,1627.0,READY,qTSedn6hEp8_03__p1_tr.jpg,1580,47,HIGH,qTSedn6hEp8_02__p2_bl.jpg@1240s[HIGH:95.7]|qTSedn6hEp8_02__p3_br.jpg@1340s[HIGH:93.7]|qTSedn6hEp8_03__p0_tl.jpg@1460s[HIGH:95.4]|qTSedn6hEp8_03__p1_tr.jpg@1580s[HIGH:96.4]
qTSedn6hEp8-PE-006,qTSedn6hEp8,1696.0,READY,qTSedn6hEp8_03__p1_tr.jpg,1580,116,HIGH,qTSedn6hEp8_02__p2_bl.jpg@1240s[HIGH:95.7]|qTSedn6hEp8_02__p3_br.jpg@1340s[HIGH:93.7]|qTSedn6hEp8_03__p0_tl.jpg@1460s[HIGH:95.4]|qTSedn6hEp8_03__p1_tr.jpg@1580s[HIGH:96.4]
qTSedn6hEp8-PE-007,qTSedn6hEp8,1826.0,READY,qTSedn6hEp8_03__p3_br.jpg,1800,26,HIGH,qTSedn6hEp8_03__p0_tl.jpg@1460s[HIGH:95.4]|qTSedn6hEp8_03__p1_tr.jpg@1580s[HIGH:96.4]|qTSedn6hEp8_03__p2_bl.jpg@1700s[HIGH:89.8]|qTSedn6hEp8_03__p3_br.jpg@1800s[HIGH:96.1]
qTSedn6hEp8-PE-008,qTSedn6hEp8,2218.0,READY,qTSedn6hEp8_04__p2_bl.jpg,2140,78,HIGH,qTSedn6hEp8_03__p3_br.jpg@1800s[HIGH:96.1]|qTSedn6hEp8_04__p0_tl.jpg@1920s[HIGH:96.5]|qTSedn6hEp8_04__p1_tr.jpg@2020s[HIGH:96.7]|qTSedn6hEp8_04__p2_bl.jpg@2140s[HIGH:96.4]
qTSedn6hEp8-PE-009,qTSedn6hEp8,2344.0,READY,qTSedn6hEp8_04__p3_br.jpg,2240,104,HIGH,qTSedn6hEp8_04__p0_tl.jpg@1920s[HIGH:96.5]|qTSedn6hEp8_04__p1_tr.jpg@2020s[HIGH:96.7]|qTSedn6hEp8_04__p2_bl.jpg@2140s[HIGH:96.4]|qTSedn6hEp8_04__p3_br.jpg@2240s[HIGH:95.4]
qTSedn6hEp8-PE-010,qTSedn6hEp8,3203.0,READY,qTSedn6hEp8_06__p1_tr.jpg,3040,163,HIGH,qTSedn6hEp8_05__p2_bl.jpg@2620s[HIGH:95.9]|qTSedn6hEp8_05__p3_br.jpg@2740s[HIGH:96.6]|qTSedn6hEp8_06__p0_tl.jpg@2900s[LOW:0.0]|qTSedn6hEp8_06__p1_tr.jpg@3040s[HIGH:96.3]
qTSedn6hEp8-PE-011,qTSedn6hEp8,3360.0,READY,qTSedn6hEp8_06__p2_bl.jpg,3260,100,HIGH,qTSedn6hEp8_05__p3_br.jpg@2740s[HIGH:96.6]|qTSedn6hEp8_06__p0_tl.jpg@2900s[LOW:0.0]|qTSedn6hEp8_06__p1_tr.jpg@3040s[HIGH:96.3]|qTSedn6hEp8_06__p2_bl.jpg@3260s[HIGH:96.1]
qTSedn6hEp8-PE-012,qTSedn6hEp8,3659.0,READY,qTSedn6hEp8_07__p1_tr.jpg,3620,39,HIGH,qTSedn6hEp8_06__p2_bl.jpg@3260s[HIGH:96.1]|qTSedn6hEp8_06__p3_br.jpg@3380s[HIGH:95.7]|qTSedn6hEp8_07__p0_tl.jpg@3480s[HIGH:88.2]|qTSedn6hEp8_07__p1_tr.jpg@3620s[HIGH:96.7]
fkZjFHTg3GY-PE-001,fkZjFHTg3GY,408.0,READY,fkZjFHTg3GY_00__p2_bl.jpg,340,68,HIGH,fkZjFHTg3GY_00__p0_tl.jpg@0s[PIPELINE_GUARANTEED:100.0]|fkZjFHTg3GY_00__p1_tr.jpg@240s[HIGH:91.1]|fkZjFHTg3GY_00__p2_bl.jpg@340s[HIGH:96.2]
fkZjFHTg3GY-PE-002,fkZjFHTg3GY,480.0,READY,fkZjFHTg3GY_00__p3_br.jpg,460,20,HIGH,fkZjFHTg3GY_00__p0_tl.jpg@0s[PIPELINE_GUARANTEED:100.0]|fkZjFHTg3GY_00__p1_tr.jpg@240s[HIGH:91.1]|fkZjFHTg3GY_00__p2_bl.jpg@340s[HIGH:96.2]|fkZjFHTg3GY_00__p3_br.jpg@460s[HIGH:92.5]
fkZjFHTg3GY-PE-003,fkZjFHTg3GY,1220.0,READY,fkZjFHTg3GY_02__p0_tl.jpg,1180,40,HIGH,fkZjFHTg3GY_01__p1_tr.jpg@700s[HIGH:95.6]|fkZjFHTg3GY_01__p2_bl.jpg@840s[HIGH:96.1]|fkZjFHTg3GY_01__p3_br.jpg@1080s[HIGH:80.1]|fkZjFHTg3GY_02__p0_tl.jpg@1180s[HIGH:89.8]
fkZjFHTg3GY-PE-004,fkZjFHTg3GY,1423.0,READY,fkZjFHTg3GY_02__p2_bl.jpg,1380,43,HIGH,fkZjFHTg3GY_01__p3_br.jpg@1080s[HIGH:80.1]|fkZjFHTg3GY_02__p0_tl.jpg@1180s[HIGH:89.8]|fkZjFHTg3GY_02__p1_tr.jpg@1280s[HIGH:96.1]|fkZjFHTg3GY_02__p2_bl.jpg@1380s[HIGH:95.1]
fkZjFHTg3GY-PE-005,fkZjFHTg3GY,1533.0,READY,fkZjFHTg3GY_02__p3_br.jpg,1480,53,HIGH,fkZjFHTg3GY_02__p0_tl.jpg@1180s[HIGH:89.8]|fkZjFHTg3GY_02__p1_tr.jpg@1280s[HIGH:96.1]|fkZjFHTg3GY_02__p2_bl.jpg@1380s[HIGH:95.1]|fkZjFHTg3GY_02__p3_br.jpg@1480s[HIGH:94.6]
fkZjFHTg3GY-PE-006,fkZjFHTg3GY,1865.0,READY,fkZjFHTg3GY_03__p1_tr.jpg,1760,105,HIGH,fkZjFHTg3GY_02__p2_bl.jpg@1380s[HIGH:95.1]|fkZjFHTg3GY_02__p3_br.jpg@1480s[HIGH:94.6]|fkZjFHTg3GY_03__p0_tl.jpg@1620s[HIGH:96.2]|fkZjFHTg3GY_03__p1_tr.jpg@1760s[HIGH:96.4]
fkZjFHTg3GY-PE-007,fkZjFHTg3GY,2244.0,READY,fkZjFHTg3GY_04__p1_tr.jpg,2200,44,HIGH,fkZjFHTg3GY_03__p2_bl.jpg@1900s[HIGH:96.4]|fkZjFHTg3GY_03__p3_br.jpg@2000s[HIGH:96.2]|fkZjFHTg3GY_04__p0_tl.jpg@2100s[HIGH:96.5]|fkZjFHTg3GY_04__p1_tr.jpg@2200s[HIGH:96.7]
6trb-6A2t6Q-PE-001,6trb-6A2t6Q,265.0,READY,6trb-6A2t6Q_00__p1_tr.jpg,200,65,HIGH,6trb-6A2t6Q_00__p0_tl.jpg@0s[PIPELINE_GUARANTEED:100.0]|6trb-6A2t6Q_00__p1_tr.jpg@200s[HIGH:95.7]
6trb-6A2t6Q-PE-002,6trb-6A2t6Q,480.0,READY,6trb-6A2t6Q_00__p3_br.jpg,440,40,HIGH,6trb-6A2t6Q_00__p0_tl.jpg@0s[PIPELINE_GUARANTEED:100.0]|6trb-6A2t6Q_00__p1_tr.jpg@200s[HIGH:95.7]|6trb-6A2t6Q_00__p2_bl.jpg@340s[HIGH:96.6]|6trb-6A2t6Q_00__p3_br.jpg@440s[HIGH:88.7]
6trb-6A2t6Q-PE-003,6trb-6A2t6Q,619.0,READY,6trb-6A2t6Q_01__p0_tl.jpg,540,79,HIGH,6trb-6A2t6Q_00__p1_tr.jpg@200s[HIGH:95.7]|6trb-6A2t6Q_00__p2_bl.jpg@340s[HIGH:96.6]|6trb-6A2t6Q_00__p3_br.jpg@440s[HIGH:88.7]|6trb-6A2t6Q_01__p0_tl.jpg@540s[HIGH:95.1]
6trb-6A2t6Q-PE-004,6trb-6A2t6Q,753.0,READY,6trb-6A2t6Q_01__p1_tr.jpg,680,73,HIGH,6trb-6A2t6Q_00__p2_bl.jpg@340s[HIGH:96.6]|6trb-6A2t6Q_00__p3_br.jpg@440s[HIGH:88.7]|6trb-6A2t6Q_01__p0_tl.jpg@540s[HIGH:95.1]|6trb-6A2t6Q_01__p1_tr.jpg@680s[HIGH:95.6]
6trb-6A2t6Q-PE-005,6trb-6A2t6Q,1254.0,READY,6trb-6A2t6Q_02__p1_tr.jpg,1180,74,HIGH,6trb-6A2t6Q_01__p2_bl.jpg@800s[HIGH:95.6]|6trb-6A2t6Q_01__p3_br.jpg@940s[HIGH:95.4]|6trb-6A2t6Q_02__p0_tl.jpg@1040s[HIGH:95.3]|6trb-6A2t6Q_02__p1_tr.jpg@1180s[HIGH:89.8]
6trb-6A2t6Q-PE-006,6trb-6A2t6Q,1440.0,READY,6trb-6A2t6Q_02__p3_br.jpg,1420,20,HIGH,6trb-6A2t6Q_02__p0_tl.jpg@1040s[HIGH:95.3]|6trb-6A2t6Q_02__p1_tr.jpg@1180s[HIGH:89.8]|6trb-6A2t6Q_02__p2_bl.jpg@1320s[HIGH:90.2]|6trb-6A2t6Q_02__p3_br.jpg@1420s[HIGH:94.6]
6trb-6A2t6Q-PE-007,6trb-6A2t6Q,1500.0,READY,6trb-6A2t6Q_02__p3_br.jpg,1420,80,HIGH,6trb-6A2t6Q_02__p0_tl.jpg@1040s[HIGH:95.3]|6trb-6A2t6Q_02__p1_tr.jpg@1180s[HIGH:89.8]|6trb-6A2t6Q_02__p2_bl.jpg@1320s[HIGH:90.2]|6trb-6A2t6Q_02__p3_br.jpg@1420s[HIGH:94.6]
6trb-6A2t6Q-PE-008,6trb-6A2t6Q,1713.0,READY,6trb-6A2t6Q_03__p1_tr.jpg,1640,73,HIGH,6trb-6A2t6Q_02__p2_bl.jpg@1320s[HIGH:90.2]|6trb-6A2t6Q_02__p3_br.jpg@1420s[HIGH:94.6]|6trb-6A2t6Q_03__p0_tl.jpg@1520s[HIGH:96.3]|6trb-6A2t6Q_03__p1_tr.jpg@1640s[HIGH:95.1]
6trb-6A2t6Q-PE-009,6trb-6A2t6Q,1920.0,READY,6trb-6A2t6Q_03__p3_br.jpg,1860,60,HIGH,6trb-6A2t6Q_03__p0_tl.jpg@1520s[HIGH:96.3]|6trb-6A2t6Q_03__p1_tr.jpg@1640s[HIGH:95.1]|6trb-6A2t6Q_03__p2_bl.jpg@1740s[HIGH:93.8]|6trb-6A2t6Q_03__p3_br.jpg@1860s[HIGH:93.9]
6trb-6A2t6Q-PE-010,6trb-6A2t6Q,2248.0,READY,6trb-6A2t6Q_04__p1_tr.jpg,2120,128,HIGH,6trb-6A2t6Q_03__p2_bl.jpg@1740s[HIGH:93.8]|6trb-6A2t6Q_03__p3_br.jpg@1860s[HIGH:93.9]|6trb-6A2t6Q_04__p0_tl.jpg@2020s[HIGH:96.7]|6trb-6A2t6Q_04__p1_tr.jpg@2120s[HIGH:96.1]
6trb-6A2t6Q-PE-011,6trb-6A2t6Q,2600.0,READY,6trb-6A2t6Q_04__p3_br.jpg,2480,120,HIGH,6trb-6A2t6Q_04__p0_tl.jpg@2020s[HIGH:96.7]|6trb-6A2t6Q_04__p1_tr.jpg@2120s[HIGH:96.1]|6trb-6A2t6Q_04__p2_bl.jpg@2280s[HIGH:88.0]|6trb-6A2t6Q_04__p3_br.jpg@2480s[HIGH:95.8]
6trb-6A2t6Q-PE-012,6trb-6A2t6Q,3420.0,READY,6trb-6A2t6Q_06__p2_bl.jpg,3360,60,HIGH,6trb-6A2t6Q_05__p3_br.jpg@3040s[HIGH:95.9]|6trb-6A2t6Q_06__p0_tl.jpg@3160s[HIGH:95.8]|6trb-6A2t6Q_06__p1_tr.jpg@3260s[HIGH:96.4]|6trb-6A2t6Q_06__p2_bl.jpg@3360s[HIGH:96.5]
6trb-6A2t6Q-PE-013,6trb-6A2t6Q,3713.0,READY,6trb-6A2t6Q_07__p0_tl.jpg,3580,133,HIGH,6trb-6A2t6Q_06__p1_tr.jpg@3260s[HIGH:96.4]|6trb-6A2t6Q_06__p2_bl.jpg@3360s[HIGH:96.5]|6trb-6A2t6Q_06__p3_br.jpg@3480s[MEDIUM:78.9]|6trb-6A2t6Q_07__p0_tl.jpg@3580s[HIGH:96.3]
6trb-6A2t6Q-PE-014,6trb-6A2t6Q,4092.0,READY,6trb-6A2t6Q_08__p0_tl.jpg,4020,72,HIGH,6trb-6A2t6Q_07__p1_tr.jpg@3700s[HIGH:96.7]|6trb-6A2t6Q_07__p2_bl.jpg@3800s[HIGH:96.4]|6trb-6A2t6Q_07__p3_br.jpg@3900s[HIGH:96.8]|6trb-6A2t6Q_08__p0_tl.jpg@4020s[HIGH:96.2]
y2Oun9g9abk-PE-001,y2Oun9g9abk,295.0,READY,y2Oun9g9abk_00__p0_tl.jpg,0,295,PIPELINE_GUARANTEED,y2Oun9g9abk_00__p0_tl.jpg@0s[PIPELINE_GUARANTEED:100.0]
y2Oun9g9abk-PE-002,y2Oun9g9abk,1089.0,READY,y2Oun9g9abk_01__p3_br.jpg,1020,69,LOW,y2Oun9g9abk_01__p0_tl.jpg@660s[LOW:0.0]|y2Oun9g9abk_01__p1_tr.jpg@780s[LOW:0.0]|y2Oun9g9abk_01__p2_bl.jpg@880s[LOW:0.0]|y2Oun9g9abk_01__p3_br.jpg@1020s[LOW:42.9]
y2Oun9g9abk-PE-003,y2Oun9g9abk,1227.0,READY,y2Oun9g9abk_01__p3_br.jpg,1020,207,LOW,y2Oun9g9abk_01__p0_tl.jpg@660s[LOW:0.0]|y2Oun9g9abk_01__p1_tr.jpg@780s[LOW:0.0]|y2Oun9g9abk_01__p2_bl.jpg@880s[LOW:0.0]|y2Oun9g9abk_01__p3_br.jpg@1020s[LOW:42.9]
y2Oun9g9abk-PE-004,y2Oun9g9abk,1400.0,READY,y2Oun9g9abk_02__p1_tr.jpg,1260,140,LOW,y2Oun9g9abk_01__p1_tr.jpg@780s[LOW:0.0]|y2Oun9g9abk_01__p2_bl.jpg@880s[LOW:0.0]|y2Oun9g9abk_01__p3_br.jpg@1020s[LOW:42.9]|y2Oun9g9abk_02__p1_tr.jpg@1260s[LOW:0.0]
y2Oun9g9abk-PE-005,y2Oun9g9abk,1513.0,READY,y2Oun9g9abk_02__p2_bl.jpg,1400,113,LOW,y2Oun9g9abk_01__p2_bl.jpg@880s[LOW:0.0]|y2Oun9g9abk_01__p3_br.jpg@1020s[LOW:42.9]|y2Oun9g9abk_02__p1_tr.jpg@1260s[LOW:0.0]|y2Oun9g9abk_02__p2_bl.jpg@1400s[LOW:0.0]
y2Oun9g9abk-PE-006,y2Oun9g9abk,1858.0,READY,y2Oun9g9abk_03__p2_bl.jpg,1820,38,LOW,y2Oun9g9abk_02__p3_br.jpg@1500s[LOW:0.0]|y2Oun9g9abk_03__p0_tl.jpg@1600s[LOW:0.0]|y2Oun9g9abk_03__p1_tr.jpg@1700s[LOW:0.0]|y2Oun9g9abk_03__p2_bl.jpg@1820s[LOW:0.0]
y2Oun9g9abk-PE-007,y2Oun9g9abk,2119.0,READY,y2Oun9g9abk_04__p0_tl.jpg,2040,79,LOW,y2Oun9g9abk_03__p1_tr.jpg@1700s[LOW:0.0]|y2Oun9g9abk_03__p2_bl.jpg@1820s[LOW:0.0]|y2Oun9g9abk_03__p3_br.jpg@1940s[LOW:0.0]|y2Oun9g9abk_04__p0_tl.jpg@2040s[LOW:0.0]
y2Oun9g9abk-PE-008,y2Oun9g9abk,2179.0,READY,y2Oun9g9abk_04__p1_tr.jpg,2140,39,LOW,y2Oun9g9abk_03__p2_bl.jpg@1820s[LOW:0.0]|y2Oun9g9abk_03__p3_br.jpg@1940s[LOW:0.0]|y2Oun9g9abk_04__p0_tl.jpg@2040s[LOW:0.0]|y2Oun9g9abk_04__p1_tr.jpg@2140s[LOW:0.0]
y2Oun9g9abk-PE-009,y2Oun9g9abk,2793.0,READY,y2Oun9g9abk_05__p1_tr.jpg,2640,153,LOW,y2Oun9g9abk_04__p2_bl.jpg@2240s[LOW:0.0]|y2Oun9g9abk_04__p3_br.jpg@2340s[LOW:0.0]|y2Oun9g9abk_05__p0_tl.jpg@2500s[LOW:0.0]|y2Oun9g9abk_05__p1_tr.jpg@2640s[LOW:0.0]
yMdyi-c_Jqk-PB-001,yMdyi-c_Jqk,683.0,READY,yMdyi-c_Jqk_02__p2_bl.jpg,540,143,LOW,yMdyi-c_Jqk_01__p2_bl.jpg@340s[LOW:0.0]|yMdyi-c_Jqk_02__p0_tl.jpg@410s[LOW:0.0]|yMdyi-c_Jqk_02__p1_tr.jpg@450s[LOW:0.0]|yMdyi-c_Jqk_02__p2_bl.jpg@540s[LOW:0.0]
yMdyi-c_Jqk-PB-002,yMdyi-c_Jqk,683.0,READY,yMdyi-c_Jqk_02__p2_bl.jpg,540,143,LOW,yMdyi-c_Jqk_01__p2_bl.jpg@340s[LOW:0.0]|yMdyi-c_Jqk_02__p0_tl.jpg@410s[LOW:0.0]|yMdyi-c_Jqk_02__p1_tr.jpg@450s[LOW:0.0]|yMdyi-c_Jqk_02__p2_bl.jpg@540s[LOW:0.0]
_DK9mCSob5o-PB-001,_DK9mCSob5o,333.0,READY,_DK9mCSob5o_00__p2_bl.jpg,300,33,HIGH,_DK9mCSob5o_00__p0_tl.jpg@0s[PIPELINE_GUARANTEED:100.0]|_DK9mCSob5o_00__p1_tr.jpg@180s[HIGH:95.8]|_DK9mCSob5o_00__p2_bl.jpg@300s[HIGH:96.1]
_DK9mCSob5o-PB-002,_DK9mCSob5o,395.0,READY,_DK9mCSob5o_00__p2_bl.jpg,300,95,HIGH,_DK9mCSob5o_00__p0_tl.jpg@0s[PIPELINE_GUARANTEED:100.0]|_DK9mCSob5o_00__p1_tr.jpg@180s[HIGH:95.8]|_DK9mCSob5o_00__p2_bl.jpg@300s[HIGH:96.1]
_DK9mCSob5o-PB-003,_DK9mCSob5o,829.0,READY,_DK9mCSob5o_01__p1_tr.jpg,680,149,LOW,_DK9mCSob5o_00__p2_bl.jpg@300s[HIGH:96.1]|_DK9mCSob5o_00__p3_br.jpg@460s[LOW:0.0]|_DK9mCSob5o_01__p0_tl.jpg@560s[LOW:0.0]|_DK9mCSob5o_01__p1_tr.jpg@680s[LOW:0.0]
_DK9mCSob5o-PB-004,_DK9mCSob5o,960.0,READY,_DK9mCSob5o_01__p3_br.jpg,940,20,LOW,_DK9mCSob5o_01__p0_tl.jpg@560s[LOW:0.0]|_DK9mCSob5o_01__p1_tr.jpg@680s[LOW:0.0]|_DK9mCSob5o_01__p2_bl.jpg@820s[LOW:0.0]|_DK9mCSob5o_01__p3_br.jpg@940s[LOW:0.0]
_DK9mCSob5o-PB-005,_DK9mCSob5o,1218.0,READY,_DK9mCSob5o_02__p1_tr.jpg,1140,78,LOW,_DK9mCSob5o_01__p2_bl.jpg@820s[LOW:0.0]|_DK9mCSob5o_01__p3_br.jpg@940s[LOW:0.0]|_DK9mCSob5o_02__p0_tl.jpg@1040s[LOW:27.9]|_DK9mCSob5o_02__p1_tr.jpg@1140s[LOW:0.0]
_DK9mCSob5o-PB-006,_DK9mCSob5o,1370.0,READY,_DK9mCSob5o_02__p2_bl.jpg,1240,130,LOW,_DK9mCSob5o_01__p3_br.jpg@940s[LOW:0.0]|_DK9mCSob5o_02__p0_tl.jpg@1040s[LOW:27.9]|_DK9mCSob5o_02__p1_tr.jpg@1140s[LOW:0.0]|_DK9mCSob5o_02__p2_bl.jpg@1240s[LOW:0.0]
_DK9mCSob5o-PB-007,_DK9mCSob5o,1652.0,READY,_DK9mCSob5o_03__p1_tr.jpg,1560,92,LOW,_DK9mCSob5o_02__p2_bl.jpg@1240s[LOW:0.0]|_DK9mCSob5o_02__p3_br.jpg@1360s[LOW:0.0]|_DK9mCSob5o_03__p0_tl.jpg@1460s[LOW:0.0]|_DK9mCSob5o_03__p1_tr.jpg@1560s[LOW:0.0]
_DK9mCSob5o-PB-008,_DK9mCSob5o,1984.0,READY,_DK9mCSob5o_04__p0_tl.jpg,1900,84,LOW,_DK9mCSob5o_03__p1_tr.jpg@1560s[LOW:0.0]|_DK9mCSob5o_03__p2_bl.jpg@1660s[LOW:0.0]|_DK9mCSob5o_03__p3_br.jpg@1760s[LOW:0.0]|_DK9mCSob5o_04__p0_tl.jpg@1900s[LOW:0.0]
_DK9mCSob5o-PB-009,_DK9mCSob5o,2237.0,READY,_DK9mCSob5o_04__p2_bl.jpg,2120,117,LOW,_DK9mCSob5o_03__p3_br.jpg@1760s[LOW:0.0]|_DK9mCSob5o_04__p0_tl.jpg@1900s[LOW:0.0]|_DK9mCSob5o_04__p1_tr.jpg@2020s[LOW:0.0]|_DK9mCSob5o_04__p2_bl.jpg@2120s[LOW:0.0]
_DK9mCSob5o-PB-010,_DK9mCSob5o,2526.0,READY,_DK9mCSob5o_05__p0_tl.jpg,2360,166,LOW,_DK9mCSob5o_04__p1_tr.jpg@2020s[LOW:0.0]|_DK9mCSob5o_04__p2_bl.jpg@2120s[LOW:0.0]|_DK9mCSob5o_04__p3_br.jpg@2220s[LOW:0.0]|_DK9mCSob5o_05__p0_tl.jpg@2360s[LOW:0.0]
_DK9mCSob5o-PB-011,_DK9mCSob5o,2980.0,READY,_DK9mCSob5o_06__p0_tl.jpg,2880,100,LOW,_DK9mCSob5o_05__p1_tr.jpg@2560s[LOW:0.0]|_DK9mCSob5o_05__p2_bl.jpg@2660s[LOW:0.0]|_DK9mCSob5o_05__p3_br.jpg@2760s[LOW:0.0]|_DK9mCSob5o_06__p0_tl.jpg@2880s[LOW:0.0]
_DK9mCSob5o-PB-012,_DK9mCSob5o,3564.0,READY,_DK9mCSob5o_07__p1_tr.jpg,3460,104,LOW,_DK9mCSob5o_06__p2_bl.jpg@3080s[LOW:0.0]|_DK9mCSob5o_06__p3_br.jpg@3220s[LOW:0.0]|_DK9mCSob5o_07__p0_tl.jpg@3320s[LOW:0.0]|_DK9mCSob5o_07__p1_tr.jpg@3460s[LOW:0.0]
_DK9mCSob5o-PB-013,_DK9mCSob5o,3902.0,READY,_DK9mCSob5o_08__p1_tr.jpg,3880,22,LOW,_DK9mCSob5o_07__p2_bl.jpg@3560s[LOW:0.0]|_DK9mCSob5o_07__p3_br.jpg@3660s[LOW:0.0]|_DK9mCSob5o_08__p0_tl.jpg@3760s[LOW:0.0]|_DK9mCSob5o_08__p1_tr.jpg@3880s[LOW:0.0]
_DK9mCSob5o-PB-014,_DK9mCSob5o,4510.0,READY,_DK9mCSob5o_09__p0_tl.jpg,4320,190,LOW,_DK9mCSob5o_08__p1_tr.jpg@3880s[LOW:0.0]|_DK9mCSob5o_08__p2_bl.jpg@4040s[LOW:0.0]|_DK9mCSob5o_08__p3_br.jpg@4140s[LOW:0.0]|_DK9mCSob5o_09__p0_tl.jpg@4320s[LOW:0.0]
C18mm9p2oW4-PB-001,C18mm9p2oW4,192.0,READY,C18mm9p2oW4_00__p0_tl.jpg,0,192,PIPELINE_GUARANTEED,C18mm9p2oW4_00__p0_tl.jpg@0s[PIPELINE_GUARANTEED:100.0]
C18mm9p2oW4-PB-002,C18mm9p2oW4,319.0,READY,C18mm9p2oW4_00__p1_tr.jpg,200,119,LOW,C18mm9p2oW4_00__p0_tl.jpg@0s[PIPELINE_GUARANTEED:100.0]|C18mm9p2oW4_00__p1_tr.jpg@200s[LOW:0.0]
C18mm9p2oW4-PB-003,C18mm9p2oW4,659.0,READY,C18mm9p2oW4_01__p0_tl.jpg,580,79,LOW,C18mm9p2oW4_00__p1_tr.jpg@200s[LOW:0.0]|C18mm9p2oW4_00__p2_bl.jpg@360s[LOW:0.0]|C18mm9p2oW4_00__p3_br.jpg@480s[LOW:0.0]|C18mm9p2oW4_01__p0_tl.jpg@580s[LOW:0.0]
C18mm9p2oW4-PB-004,C18mm9p2oW4,861.0,READY,C18mm9p2oW4_01__p2_bl.jpg,820,41,LOW,C18mm9p2oW4_00__p3_br.jpg@480s[LOW:0.0]|C18mm9p2oW4_01__p0_tl.jpg@580s[LOW:0.0]|C18mm9p2oW4_01__p1_tr.jpg@700s[LOW:0.0]|C18mm9p2oW4_01__p2_bl.jpg@820s[LOW:0.0]
C18mm9p2oW4-PB-005,C18mm9p2oW4,861.0,READY,C18mm9p2oW4_01__p2_bl.jpg,820,41,LOW,C18mm9p2oW4_00__p3_br.jpg@480s[LOW:0.0]|C18mm9p2oW4_01__p0_tl.jpg@580s[LOW:0.0]|C18mm9p2oW4_01__p1_tr.jpg@700s[LOW:0.0]|C18mm9p2oW4_01__p2_bl.jpg@820s[LOW:0.0]
C18mm9p2oW4-PB-006,C18mm9p2oW4,1470.0,READY,C18mm9p2oW4_02__p3_br.jpg,1380,90,LOW,C18mm9p2oW4_02__p0_tl.jpg@1040s[LOW:27.9]|C18mm9p2oW4_02__p1_tr.jpg@1140s[LOW:0.0]|C18mm9p2oW4_02__p2_bl.jpg@1260s[LOW:0.0]|C18mm9p2oW4_02__p3_br.jpg@1380s[LOW:0.0]
C18mm9p2oW4-PB-007,C18mm9p2oW4,2193.0,READY,C18mm9p2oW4_04__p1_tr.jpg,2100,93,LOW,C18mm9p2oW4_03__p2_bl.jpg@1740s[LOW:0.0]|C18mm9p2oW4_03__p3_br.jpg@1860s[LOW:0.0]|C18mm9p2oW4_04__p0_tl.jpg@1980s[LOW:0.0]|C18mm9p2oW4_04__p1_tr.jpg@2100s[LOW:0.0]
C18mm9p2oW4-PB-008,C18mm9p2oW4,2497.0,READY,C18mm9p2oW4_05__p0_tl.jpg,2460,37,LOW,C18mm9p2oW4_04__p1_tr.jpg@2100s[LOW:0.0]|C18mm9p2oW4_04__p2_bl.jpg@2220s[LOW:0.0]|C18mm9p2oW4_04__p3_br.jpg@2320s[LOW:0.0]|C18mm9p2oW4_05__p0_tl.jpg@2460s[LOW:0.0]
C18mm9p2oW4-PB-009,C18mm9p2oW4,2832.0,READY,C18mm9p2oW4_05__p3_br.jpg,2780,52,LOW,C18mm9p2oW4_05__p0_tl.jpg@2460s[LOW:0.0]|C18mm9p2oW4_05__p1_tr.jpg@2580s[LOW:0.0]|C18mm9p2oW4_05__p2_bl.jpg@2680s[LOW:47.1]|C18mm9p2oW4_05__p3_br.jpg@2780s[LOW:0.0]
B83jlxwuo10-PB-001,B83jlxwuo10,612.0,READY,B83jlxwuo10_01__p0_tl.jpg,580,32,HIGH,B83jlxwuo10_00__p1_tr.jpg@160s[HIGH:84.7]|B83jlxwuo10_00__p2_bl.jpg@320s[HIGH:96.5]|B83jlxwuo10_00__p3_br.jpg@460s[HIGH:94.2]|B83jlxwuo10_01__p0_tl.jpg@580s[HIGH:95.4]
B83jlxwuo10-PB-002,B83jlxwuo10,873.0,READY,B83jlxwuo10_01__p2_bl.jpg,820,53,LOW,B83jlxwuo10_00__p3_br.jpg@460s[HIGH:94.2]|B83jlxwuo10_01__p0_tl.jpg@580s[HIGH:95.4]|B83jlxwuo10_01__p1_tr.jpg@700s[HIGH:95.6]|B83jlxwuo10_01__p2_bl.jpg@820s[LOW:0.0]
B83jlxwuo10-PB-003,B83jlxwuo10,1342.0,READY,B83jlxwuo10_02__p1_tr.jpg,1200,142,LOW,B83jlxwuo10_01__p1_tr.jpg@700s[HIGH:95.6]|B83jlxwuo10_01__p2_bl.jpg@820s[LOW:0.0]|B83jlxwuo10_01__p3_br.jpg@980s[MEDIUM:52.2]|B83jlxwuo10_02__p1_tr.jpg@1200s[LOW:0.0]
B83jlxwuo10-PB-004,B83jlxwuo10,1502.0,READY,B83jlxwuo10_02__p3_br.jpg,1440,62,LOW,B83jlxwuo10_01__p3_br.jpg@980s[MEDIUM:52.2]|B83jlxwuo10_02__p1_tr.jpg@1200s[LOW:0.0]|B83jlxwuo10_02__p2_bl.jpg@1340s[LOW:0.0]|B83jlxwuo10_02__p3_br.jpg@1440s[LOW:0.0]
B83jlxwuo10-PB-005,B83jlxwuo10,1763.0,READY,B83jlxwuo10_03__p1_tr.jpg,1680,83,LOW,B83jlxwuo10_02__p2_bl.jpg@1340s[LOW:0.0]|B83jlxwuo10_02__p3_br.jpg@1440s[LOW:0.0]|B83jlxwuo10_03__p0_tl.jpg@1560s[LOW:0.0]|B83jlxwuo10_03__p1_tr.jpg@1680s[LOW:0.0]
B83jlxwuo10-PB-006,B83jlxwuo10,2147.0,READY,B83jlxwuo10_04__p1_tr.jpg,2120,27,LOW,B83jlxwuo10_03__p2_bl.jpg@1780s[LOW:0.0]|B83jlxwuo10_03__p3_br.jpg@1900s[LOW:0.0]|B83jlxwuo10_04__p0_tl.jpg@2000s[LOW:0.0]|B83jlxwuo10_04__p1_tr.jpg@2120s[LOW:0.0]
B83jlxwuo10-PB-007,B83jlxwuo10,2628.0,READY,B83jlxwuo10_05__p1_tr.jpg,2600,28,LOW,B83jlxwuo10_04__p2_bl.jpg@2240s[LOW:0.0]|B83jlxwuo10_04__p3_br.jpg@2340s[LOW:0.0]|B83jlxwuo10_05__p0_tl.jpg@2460s[LOW:0.0]|B83jlxwuo10_05__p1_tr.jpg@2600s[LOW:0.0]
B83jlxwuo10-PB-008,B83jlxwuo10,2881.0,READY,B83jlxwuo10_05__p3_br.jpg,2820,61,MEDIUM,B83jlxwuo10_05__p0_tl.jpg@2460s[LOW:0.0]|B83jlxwuo10_05__p1_tr.jpg@2600s[LOW:0.0]|B83jlxwuo10_05__p2_bl.jpg@2700s[HIGH:96.4]|B83jlxwuo10_05__p3_br.jpg@2820s[MEDIUM:72.6]
B83jlxwuo10-PB-009,B83jlxwuo10,3194.0,READY,B83jlxwuo10_06__p1_tr.jpg,3060,134,HIGH,B83jlxwuo10_05__p2_bl.jpg@2700s[HIGH:96.4]|B83jlxwuo10_05__p3_br.jpg@2820s[MEDIUM:72.6]|B83jlxwuo10_06__p0_tl.jpg@2960s[LOW:0.0]|B83jlxwuo10_06__p1_tr.jpg@3060s[HIGH:96.5]
CKTqdFza1HE-PB2-001,CKTqdFza1HE,261.0,READY,CKTqdFza1HE_00__p2_bl.jpg,240,21,HIGH,CKTqdFza1HE_00__p0_tl.jpg@0s[PIPELINE_GUARANTEED:100.0]|CKTqdFza1HE_00__p1_tr.jpg@80s[HIGH:95.6]|CKTqdFza1HE_00__p2_bl.jpg@240s[HIGH:96.8]
CKTqdFza1HE-PB2-002,CKTqdFza1HE,809.0,READY,CKTqdFza1HE_01__p2_bl.jpg,780,29,HIGH,CKTqdFza1HE_00__p3_br.jpg@420s[HIGH:94.9]|CKTqdFza1HE_01__p0_tl.jpg@500s[HIGH:92.2]|CKTqdFza1HE_01__p1_tr.jpg@620s[HIGH:95.7]|CKTqdFza1HE_01__p2_bl.jpg@780s[HIGH:95.9]
CKTqdFza1HE-PB2-003,CKTqdFza1HE,932.0,READY,CKTqdFza1HE_01__p2_bl.jpg,780,152,HIGH,CKTqdFza1HE_00__p3_br.jpg@420s[HIGH:94.9]|CKTqdFza1HE_01__p0_tl.jpg@500s[HIGH:92.2]|CKTqdFza1HE_01__p1_tr.jpg@620s[HIGH:95.7]|CKTqdFza1HE_01__p2_bl.jpg@780s[HIGH:95.9]
CKTqdFza1HE-PB2-004,CKTqdFza1HE,1270.0,READY,CKTqdFza1HE_02__p0_tl.jpg,1040,230,HIGH,CKTqdFza1HE_01__p1_tr.jpg@620s[HIGH:95.7]|CKTqdFza1HE_01__p2_bl.jpg@780s[HIGH:95.9]|CKTqdFza1HE_01__p3_br.jpg@940s[HIGH:95.1]|CKTqdFza1HE_02__p0_tl.jpg@1040s[HIGH:95.2]
CKTqdFza1HE-PB2-005,CKTqdFza1HE,1440.0,READY,CKTqdFza1HE_02__p1_tr.jpg,1320,120,HIGH,CKTqdFza1HE_01__p2_bl.jpg@780s[HIGH:95.9]|CKTqdFza1HE_01__p3_br.jpg@940s[HIGH:95.1]|CKTqdFza1HE_02__p0_tl.jpg@1040s[HIGH:95.2]|CKTqdFza1HE_02__p1_tr.jpg@1320s[HIGH:92.9]
CKTqdFza1HE-PB2-006,CKTqdFza1HE,2150.0,READY,CKTqdFza1HE_03__p2_bl.jpg,2080,70,HIGH,CKTqdFza1HE_02__p3_br.jpg@1580s[HIGH:94.8]|CKTqdFza1HE_03__p0_tl.jpg@1680s[HIGH:91.6]|CKTqdFza1HE_03__p1_tr.jpg@1980s[HIGH:96.2]|CKTqdFza1HE_03__p2_bl.jpg@2080s[HIGH:95.0]
CKTqdFza1HE-PB2-007,CKTqdFza1HE,2294.0,READY,CKTqdFza1HE_03__p3_br.jpg,2160,134,HIGH,CKTqdFza1HE_03__p0_tl.jpg@1680s[HIGH:91.6]|CKTqdFza1HE_03__p1_tr.jpg@1980s[HIGH:96.2]|CKTqdFza1HE_03__p2_bl.jpg@2080s[HIGH:95.0]|CKTqdFza1HE_03__p3_br.jpg@2160s[HIGH:96.7]
CKTqdFza1HE-PB2-008,CKTqdFza1HE,2150.0,READY,CKTqdFza1HE_03__p2_bl.jpg,2080,70,HIGH,CKTqdFza1HE_02__p3_br.jpg@1580s[HIGH:94.8]|CKTqdFza1HE_03__p0_tl.jpg@1680s[HIGH:91.6]|CKTqdFza1HE_03__p1_tr.jpg@1980s[HIGH:96.2]|CKTqdFza1HE_03__p2_bl.jpg@2080s[HIGH:95.0]
CKTqdFza1HE-PB2-009,CKTqdFza1HE,3279.0,READY,CKTqdFza1HE_06__p1_tr.jpg,3180,99,HIGH,CKTqdFza1HE_05__p2_bl.jpg@2860s[MEDIUM:50.9]|CKTqdFza1HE_05__p3_br.jpg@2960s[MEDIUM:64.3]|CKTqdFza1HE_06__p0_tl.jpg@3040s[HIGH:96.5]|CKTqdFza1HE_06__p1_tr.jpg@3180s[HIGH:96.5]
CKTqdFza1HE-PB2-010,CKTqdFza1HE,3485.0,READY,CKTqdFza1HE_06__p3_br.jpg,3420,65,HIGH,CKTqdFza1HE_06__p0_tl.jpg@3040s[HIGH:96.5]|CKTqdFza1HE_06__p1_tr.jpg@3180s[HIGH:96.5]|CKTqdFza1HE_06__p2_bl.jpg@3320s[HIGH:94.5]|CKTqdFza1HE_06__p3_br.jpg@3420s[HIGH:96.2]
q6wgyFyzIs0-PB2-001,q6wgyFyzIs0,263.0,READY,q6wgyFyzIs0_00__p1_tr.jpg,200,63,HIGH,q6wgyFyzIs0_00__p0_tl.jpg@0s[PIPELINE_GUARANTEED:100.0]|q6wgyFyzIs0_00__p1_tr.jpg@200s[HIGH:96.0]
q6wgyFyzIs0-PB2-002,q6wgyFyzIs0,764.0,READY,q6wgyFyzIs0_01__p1_tr.jpg,640,124,LOW,q6wgyFyzIs0_00__p2_bl.jpg@320s[HIGH:95.7]|q6wgyFyzIs0_00__p3_br.jpg@420s[HIGH:95.0]|q6wgyFyzIs0_01__p0_tl.jpg@520s[HIGH:84.7]|q6wgyFyzIs0_01__p1_tr.jpg@640s[LOW:0.0]
q6wgyFyzIs0-PB2-003,q6wgyFyzIs0,1217.0,READY,q6wgyFyzIs0_02__p1_tr.jpg,1160,57,LOW,q6wgyFyzIs0_01__p2_bl.jpg@760s[LOW:0.0]|q6wgyFyzIs0_01__p3_br.jpg@880s[LOW:0.0]|q6wgyFyzIs0_02__p0_tl.jpg@1040s[LOW:0.0]|q6wgyFyzIs0_02__p1_tr.jpg@1160s[LOW:0.0]
q6wgyFyzIs0-PB2-004,q6wgyFyzIs0,1280.0,READY,q6wgyFyzIs0_02__p2_bl.jpg,1260,20,LOW,q6wgyFyzIs0_01__p3_br.jpg@880s[LOW:0.0]|q6wgyFyzIs0_02__p0_tl.jpg@1040s[LOW:0.0]|q6wgyFyzIs0_02__p1_tr.jpg@1160s[LOW:0.0]|q6wgyFyzIs0_02__p2_bl.jpg@1260s[LOW:0.0]
q6wgyFyzIs0-PB2-005,q6wgyFyzIs0,1340.0,READY,q6wgyFyzIs0_02__p2_bl.jpg,1260,80,LOW,q6wgyFyzIs0_01__p3_br.jpg@880s[LOW:0.0]|q6wgyFyzIs0_02__p0_tl.jpg@1040s[LOW:0.0]|q6wgyFyzIs0_02__p1_tr.jpg@1160s[LOW:0.0]|q6wgyFyzIs0_02__p2_bl.jpg@1260s[LOW:0.0]
q6wgyFyzIs0-PB2-006,q6wgyFyzIs0,1632.0,READY,q6wgyFyzIs0_03__p1_tr.jpg,1580,52,LOW,q6wgyFyzIs0_02__p1_tr.jpg@1160s[LOW:0.0]|q6wgyFyzIs0_02__p2_bl.jpg@1260s[LOW:0.0]|q6wgyFyzIs0_03__p0_tl.jpg@1440s[LOW:0.0]|q6wgyFyzIs0_03__p1_tr.jpg@1580s[LOW:0.0]
q6wgyFyzIs0-PB2-007,q6wgyFyzIs0,2031.0,READY,q6wgyFyzIs0_04__p0_tl.jpg,2000,31,LOW,q6wgyFyzIs0_03__p1_tr.jpg@1580s[LOW:0.0]|q6wgyFyzIs0_03__p2_bl.jpg@1700s[LOW:0.0]|q6wgyFyzIs0_03__p3_br.jpg@1820s[LOW:0.0]|q6wgyFyzIs0_04__p0_tl.jpg@2000s[LOW:0.0]
q6wgyFyzIs0-PB2-008,q6wgyFyzIs0,2782.0,READY,q6wgyFyzIs0_05__p1_tr.jpg,2700,82,LOW,q6wgyFyzIs0_04__p2_bl.jpg@2340s[LOW:0.0]|q6wgyFyzIs0_04__p3_br.jpg@2420s[LOW:0.0]|q6wgyFyzIs0_05__p0_tl.jpg@2560s[LOW:0.0]|q6wgyFyzIs0_05__p1_tr.jpg@2700s[LOW:0.0]
q6wgyFyzIs0-PB2-009,q6wgyFyzIs0,2847.0,READY,q6wgyFyzIs0_05__p2_bl.jpg,2800,47,LOW,q6wgyFyzIs0_04__p3_br.jpg@2420s[LOW:0.0]|q6wgyFyzIs0_05__p0_tl.jpg@2560s[LOW:0.0]|q6wgyFyzIs0_05__p1_tr.jpg@2700s[LOW:0.0]|q6wgyFyzIs0_05__p2_bl.jpg@2800s[LOW:0.0]
q6wgyFyzIs0-PB2-010,q6wgyFyzIs0,3605.0,READY,q6wgyFyzIs0_07__p1_tr.jpg,3580,25,LOW,q6wgyFyzIs0_06__p2_bl.jpg@3200s[LOW:0.0]|q6wgyFyzIs0_06__p3_br.jpg@3320s[LOW:0.0]|q6wgyFyzIs0_07__p0_tl.jpg@3460s[LOW:0.0]|q6wgyFyzIs0_07__p1_tr.jpg@3580s[LOW:0.0]
q6wgyFyzIs0-PB2-011,q6wgyFyzIs0,3792.0,READY,q6wgyFyzIs0_07__p2_bl.jpg,3700,92,LOW,q6wgyFyzIs0_06__p3_br.jpg@3320s[LOW:0.0]|q6wgyFyzIs0_07__p0_tl.jpg@3460s[LOW:0.0]|q6wgyFyzIs0_07__p1_tr.jpg@3580s[LOW:0.0]|q6wgyFyzIs0_07__p2_bl.jpg@3700s[LOW:0.0]
u7KGSeF2lA0-PB2-001,u7KGSeF2lA0,480.0,READY,u7KGSeF2lA0_00__p2_bl.jpg,400,80,HIGH,u7KGSeF2lA0_00__p0_tl.jpg@0s[PIPELINE_GUARANTEED:100.0]|u7KGSeF2lA0_00__p1_tr.jpg@280s[HIGH:80.6]|u7KGSeF2lA0_00__p2_bl.jpg@400s[HIGH:96.3]
u7KGSeF2lA0-PB2-002,u7KGSeF2lA0,603.0,READY,u7KGSeF2lA0_00__p3_br.jpg,500,103,HIGH,u7KGSeF2lA0_00__p0_tl.jpg@0s[PIPELINE_GUARANTEED:100.0]|u7KGSeF2lA0_00__p1_tr.jpg@280s[HIGH:80.6]|u7KGSeF2lA0_00__p2_bl.jpg@400s[HIGH:96.3]|u7KGSeF2lA0_00__p3_br.jpg@500s[HIGH:93.1]
u7KGSeF2lA0-PB2-003,u7KGSeF2lA0,725.0,READY,u7KGSeF2lA0_01__p1_tr.jpg,700,25,HIGH,u7KGSeF2lA0_00__p2_bl.jpg@400s[HIGH:96.3]|u7KGSeF2lA0_00__p3_br.jpg@500s[HIGH:93.1]|u7KGSeF2lA0_01__p0_tl.jpg@600s[HIGH:96.1]|u7KGSeF2lA0_01__p1_tr.jpg@700s[HIGH:95.6]
u7KGSeF2lA0-PB2-004,u7KGSeF2lA0,1025.0,READY,u7KGSeF2lA0_02__p0_tl.jpg,980,45,HIGH,u7KGSeF2lA0_01__p1_tr.jpg@700s[HIGH:95.6]|u7KGSeF2lA0_01__p2_bl.jpg@780s[HIGH:95.9]|u7KGSeF2lA0_01__p3_br.jpg@880s[HIGH:95.4]|u7KGSeF2lA0_02__p0_tl.jpg@980s[HIGH:95.2]
u7KGSeF2lA0-PB2-005,u7KGSeF2lA0,1228.0,READY,u7KGSeF2lA0_02__p2_bl.jpg,1160,68,HIGH,u7KGSeF2lA0_01__p3_br.jpg@880s[HIGH:95.4]|u7KGSeF2lA0_02__p0_tl.jpg@980s[HIGH:95.2]|u7KGSeF2lA0_02__p1_tr.jpg@1060s[HIGH:95.2]|u7KGSeF2lA0_02__p2_bl.jpg@1160s[HIGH:94.8]
u7KGSeF2lA0-PB2-006,u7KGSeF2lA0,1339.0,READY,u7KGSeF2lA0_02__p2_bl.jpg,1160,179,HIGH,u7KGSeF2lA0_01__p3_br.jpg@880s[HIGH:95.4]|u7KGSeF2lA0_02__p0_tl.jpg@980s[HIGH:95.2]|u7KGSeF2lA0_02__p1_tr.jpg@1060s[HIGH:95.2]|u7KGSeF2lA0_02__p2_bl.jpg@1160s[HIGH:94.8]
u7KGSeF2lA0-PB2-007,u7KGSeF2lA0,1520.0,READY,u7KGSeF2lA0_03__p0_tl.jpg,1440,80,HIGH,u7KGSeF2lA0_02__p1_tr.jpg@1060s[HIGH:95.2]|u7KGSeF2lA0_02__p2_bl.jpg@1160s[HIGH:94.8]|u7KGSeF2lA0_02__p3_br.jpg@1340s[HIGH:93.3]|u7KGSeF2lA0_03__p0_tl.jpg@1440s[HIGH:95.6]
u7KGSeF2lA0-PB2-008,u7KGSeF2lA0,1987.0,READY,u7KGSeF2lA0_03__p3_br.jpg,1760,227,HIGH,u7KGSeF2lA0_03__p0_tl.jpg@1440s[HIGH:95.6]|u7KGSeF2lA0_03__p1_tr.jpg@1560s[HIGH:95.9]|u7KGSeF2lA0_03__p2_bl.jpg@1660s[HIGH:96.1]|u7KGSeF2lA0_03__p3_br.jpg@1760s[HIGH:96.3]
u7KGSeF2lA0-PB2-009,u7KGSeF2lA0,2400.0,READY,u7KGSeF2lA0_04__p3_br.jpg,2300,100,HIGH,u7KGSeF2lA0_04__p0_tl.jpg@1980s[HIGH:96.6]|u7KGSeF2lA0_04__p1_tr.jpg@2100s[HIGH:96.5]|u7KGSeF2lA0_04__p2_bl.jpg@2200s[HIGH:96.5]|u7KGSeF2lA0_04__p3_br.jpg@2300s[HIGH:80.5]
u7KGSeF2lA0-PB2-010,u7KGSeF2lA0,2599.0,READY,u7KGSeF2lA0_05__p0_tl.jpg,2460,139,MEDIUM,u7KGSeF2lA0_04__p1_tr.jpg@2100s[HIGH:96.5]|u7KGSeF2lA0_04__p2_bl.jpg@2200s[HIGH:96.5]|u7KGSeF2lA0_04__p3_br.jpg@2300s[HIGH:80.5]|u7KGSeF2lA0_05__p0_tl.jpg@2460s[MEDIUM:59.8]
IQ4J5GJJK5Q-PB2-001,IQ4J5GJJK5Q,480.0,READY,IQ4J5GJJK5Q_00__p3_br.jpg,440,40,HIGH,IQ4J5GJJK5Q_00__p0_tl.jpg@0s[PIPELINE_GUARANTEED:100.0]|IQ4J5GJJK5Q_00__p1_tr.jpg@200s[HIGH:96.0]|IQ4J5GJJK5Q_00__p2_bl.jpg@320s[HIGH:95.5]|IQ4J5GJJK5Q_00__p3_br.jpg@440s[HIGH:93.3]
IQ4J5GJJK5Q-PB2-002,IQ4J5GJJK5Q,990.0,READY,IQ4J5GJJK5Q_01__p2_bl.jpg,860,130,HIGH,IQ4J5GJJK5Q_00__p3_br.jpg@440s[HIGH:93.3]|IQ4J5GJJK5Q_01__p0_tl.jpg@560s[HIGH:95.0]|IQ4J5GJJK5Q_01__p1_tr.jpg@720s[HIGH:96.2]|IQ4J5GJJK5Q_01__p2_bl.jpg@860s[HIGH:95.3]
IQ4J5GJJK5Q-PB2-003,IQ4J5GJJK5Q,1051.0,READY,IQ4J5GJJK5Q_01__p3_br.jpg,980,71,HIGH,IQ4J5GJJK5Q_01__p0_tl.jpg@560s[HIGH:95.0]|IQ4J5GJJK5Q_01__p1_tr.jpg@720s[HIGH:96.2]|IQ4J5GJJK5Q_01__p2_bl.jpg@860s[HIGH:95.3]|IQ4J5GJJK5Q_01__p3_br.jpg@980s[HIGH:95.0]
IQ4J5GJJK5Q-PB2-004,IQ4J5GJJK5Q,1177.0,READY,IQ4J5GJJK5Q_02__p0_tl.jpg,1100,77,HIGH,IQ4J5GJJK5Q_01__p1_tr.jpg@720s[HIGH:96.2]|IQ4J5GJJK5Q_01__p2_bl.jpg@860s[HIGH:95.3]|IQ4J5GJJK5Q_01__p3_br.jpg@980s[HIGH:95.0]|IQ4J5GJJK5Q_02__p0_tl.jpg@1100s[HIGH:89.0]
IQ4J5GJJK5Q-PB2-005,IQ4J5GJJK5Q,1372.0,READY,IQ4J5GJJK5Q_02__p2_bl.jpg,1340,32,HIGH,IQ4J5GJJK5Q_01__p3_br.jpg@980s[HIGH:95.0]|IQ4J5GJJK5Q_02__p0_tl.jpg@1100s[HIGH:89.0]|IQ4J5GJJK5Q_02__p1_tr.jpg@1220s[HIGH:96.1]|IQ4J5GJJK5Q_02__p2_bl.jpg@1340s[HIGH:93.1]
IQ4J5GJJK5Q-PB2-006,IQ4J5GJJK5Q,1477.0,READY,IQ4J5GJJK5Q_02__p2_bl.jpg,1340,137,HIGH,IQ4J5GJJK5Q_01__p3_br.jpg@980s[HIGH:95.0]|IQ4J5GJJK5Q_02__p0_tl.jpg@1100s[HIGH:89.0]|IQ4J5GJJK5Q_02__p1_tr.jpg@1220s[HIGH:96.1]|IQ4J5GJJK5Q_02__p2_bl.jpg@1340s[HIGH:93.1]
JJOGnPBF67I-PB3-001,JJOGnPBF67I,540.0,READY,JJOGnPBF67I_00__p3_br.jpg,400,140,HIGH,JJOGnPBF67I_00__p0_tl.jpg@0s[PIPELINE_GUARANTEED:100.0]|JJOGnPBF67I_00__p1_tr.jpg@140s[HIGH:93.9]|JJOGnPBF67I_00__p2_bl.jpg@300s[HIGH:96.1]|JJOGnPBF67I_00__p3_br.jpg@400s[HIGH:96.5]
JJOGnPBF67I-PB3-002,JJOGnPBF67I,930.0,READY,JJOGnPBF67I_01__p2_bl.jpg,760,170,HIGH,JJOGnPBF67I_00__p3_br.jpg@400s[HIGH:96.5]|JJOGnPBF67I_01__p0_tl.jpg@540s[HIGH:95.1]|JJOGnPBF67I_01__p1_tr.jpg@640s[HIGH:96.1]|JJOGnPBF67I_01__p2_bl.jpg@760s[HIGH:96.3]
JJOGnPBF67I-PB3-003,JJOGnPBF67I,1400.0,READY,JJOGnPBF67I_02__p2_bl.jpg,1300,100,HIGH,JJOGnPBF67I_01__p3_br.jpg@940s[HIGH:95.2]|JJOGnPBF67I_02__p0_tl.jpg@1040s[HIGH:95.3]|JJOGnPBF67I_02__p1_tr.jpg@1180s[HIGH:89.8]|JJOGnPBF67I_02__p2_bl.jpg@1300s[HIGH:94.2]
W2oZdVu2rxE-PB3-001,W2oZdVu2rxE,571.0,READY,W2oZdVu2rxE_01__p0_tl.jpg,500,71,HIGH,W2oZdVu2rxE_00__p1_tr.jpg@120s[HIGH:93.4]|W2oZdVu2rxE_00__p2_bl.jpg@240s[HIGH:96.7]|W2oZdVu2rxE_00__p3_br.jpg@380s[HIGH:95.9]|W2oZdVu2rxE_01__p0_tl.jpg@500s[HIGH:92.8]
W2oZdVu2rxE-PB3-002,W2oZdVu2rxE,742.0,READY,W2oZdVu2rxE_01__p1_tr.jpg,620,122,HIGH,W2oZdVu2rxE_00__p2_bl.jpg@240s[HIGH:96.7]|W2oZdVu2rxE_00__p3_br.jpg@380s[HIGH:95.9]|W2oZdVu2rxE_01__p0_tl.jpg@500s[HIGH:92.8]|W2oZdVu2rxE_01__p1_tr.jpg@620s[HIGH:95.7]
W2oZdVu2rxE-PB3-003,W2oZdVu2rxE,894.0,READY,W2oZdVu2rxE_01__p2_bl.jpg,760,134,HIGH,W2oZdVu2rxE_00__p3_br.jpg@380s[HIGH:95.9]|W2oZdVu2rxE_01__p0_tl.jpg@500s[HIGH:92.8]|W2oZdVu2rxE_01__p1_tr.jpg@620s[HIGH:95.7]|W2oZdVu2rxE_01__p2_bl.jpg@760s[HIGH:95.9]
W2oZdVu2rxE-PB3-004,W2oZdVu2rxE,1023.0,READY,W2oZdVu2rxE_02__p0_tl.jpg,1000,23,HIGH,W2oZdVu2rxE_01__p1_tr.jpg@620s[HIGH:95.7]|W2oZdVu2rxE_01__p2_bl.jpg@760s[HIGH:95.9]|W2oZdVu2rxE_01__p3_br.jpg@880s[HIGH:96.2]|W2oZdVu2rxE_02__p0_tl.jpg@1000s[HIGH:95.8]
W2oZdVu2rxE-PB3-005,W2oZdVu2rxE,1277.0,READY,W2oZdVu2rxE_02__p2_bl.jpg,1240,37,HIGH,W2oZdVu2rxE_01__p3_br.jpg@880s[HIGH:96.2]|W2oZdVu2rxE_02__p0_tl.jpg@1000s[HIGH:95.8]|W2oZdVu2rxE_02__p1_tr.jpg@1120s[HIGH:84.3]|W2oZdVu2rxE_02__p2_bl.jpg@1240s[HIGH:95.1]
W2oZdVu2rxE-PB3-006,W2oZdVu2rxE,1627.0,READY,W2oZdVu2rxE_03__p0_tl.jpg,1480,147,HIGH,W2oZdVu2rxE_02__p1_tr.jpg@1120s[HIGH:84.3]|W2oZdVu2rxE_02__p2_bl.jpg@1240s[HIGH:95.1]|W2oZdVu2rxE_02__p3_br.jpg@1360s[HIGH:89.7]|W2oZdVu2rxE_03__p0_tl.jpg@1480s[HIGH:96.3]
W2oZdVu2rxE-PB3-007,W2oZdVu2rxE,2004.0,READY,W2oZdVu2rxE_03__p3_br.jpg,1880,124,HIGH,W2oZdVu2rxE_03__p0_tl.jpg@1480s[HIGH:96.3]|W2oZdVu2rxE_03__p1_tr.jpg@1620s[HIGH:96.2]|W2oZdVu2rxE_03__p2_bl.jpg@1760s[HIGH:95.0]|W2oZdVu2rxE_03__p3_br.jpg@1880s[HIGH:96.3]
W2oZdVu2rxE-PB3-008,W2oZdVu2rxE,2436.0,READY,W2oZdVu2rxE_04__p3_br.jpg,2380,56,HIGH,W2oZdVu2rxE_04__p0_tl.jpg@2020s[HIGH:96.7]|W2oZdVu2rxE_04__p1_tr.jpg@2140s[HIGH:96.8]|W2oZdVu2rxE_04__p2_bl.jpg@2260s[HIGH:96.6]|W2oZdVu2rxE_04__p3_br.jpg@2380s[HIGH:96.4]
W2oZdVu2rxE-PB3-009,W2oZdVu2rxE,2558.0,READY,W2oZdVu2rxE_05__p0_tl.jpg,2500,58,LOW,W2oZdVu2rxE_04__p1_tr.jpg@2140s[HIGH:96.8]|W2oZdVu2rxE_04__p2_bl.jpg@2260s[HIGH:96.6]|W2oZdVu2rxE_04__p3_br.jpg@2380s[HIGH:96.4]|W2oZdVu2rxE_05__p0_tl.jpg@2500s[LOW:49.0]
NIDMLJuBPwk-PB3-001,NIDMLJuBPwk,904.0,READY,NIDMLJuBPwk_01__p2_bl.jpg,880,24,HIGH,NIDMLJuBPwk_00__p3_br.jpg@500s[HIGH:91.3]|NIDMLJuBPwk_01__p0_tl.jpg@660s[HIGH:94.7]|NIDMLJuBPwk_01__p1_tr.jpg@780s[HIGH:95.9]|NIDMLJuBPwk_01__p2_bl.jpg@880s[HIGH:95.5]
NIDMLJuBPwk-PB3-002,NIDMLJuBPwk,1504.0,READY,NIDMLJuBPwk_02__p3_br.jpg,1480,24,HIGH,NIDMLJuBPwk_02__p0_tl.jpg@1080s[HIGH:95.7]|NIDMLJuBPwk_02__p1_tr.jpg@1200s[HIGH:91.0]|NIDMLJuBPwk_02__p2_bl.jpg@1340s[MEDIUM:57.8]|NIDMLJuBPwk_02__p3_br.jpg@1480s[HIGH:89.7]
NIDMLJuBPwk-PB3-003,NIDMLJuBPwk,1747.0,READY,NIDMLJuBPwk_03__p1_tr.jpg,1680,67,HIGH,NIDMLJuBPwk_02__p2_bl.jpg@1340s[MEDIUM:57.8]|NIDMLJuBPwk_02__p3_br.jpg@1480s[HIGH:89.7]|NIDMLJuBPwk_03__p0_tl.jpg@1580s[HIGH:93.3]|NIDMLJuBPwk_03__p1_tr.jpg@1680s[HIGH:91.4]
NIDMLJuBPwk-PB3-004,NIDMLJuBPwk,2047.0,READY,NIDMLJuBPwk_03__p3_br.jpg,2020,27,HIGH,NIDMLJuBPwk_03__p0_tl.jpg@1580s[HIGH:93.3]|NIDMLJuBPwk_03__p1_tr.jpg@1680s[HIGH:91.4]|NIDMLJuBPwk_03__p2_bl.jpg@1840s[HIGH:93.9]|NIDMLJuBPwk_03__p3_br.jpg@2020s[HIGH:92.7]
NIDMLJuBPwk-PB3-005,NIDMLJuBPwk,2491.0,READY,NIDMLJuBPwk_04__p1_tr.jpg,2320,171,HIGH,NIDMLJuBPwk_03__p2_bl.jpg@1840s[HIGH:93.9]|NIDMLJuBPwk_03__p3_br.jpg@2020s[HIGH:92.7]|NIDMLJuBPwk_04__p0_tl.jpg@2180s[HIGH:95.4]|NIDMLJuBPwk_04__p1_tr.jpg@2320s[HIGH:95.8]
NIDMLJuBPwk-PB3-006,NIDMLJuBPwk,2881.0,READY,NIDMLJuBPwk_05__p1_tr.jpg,2780,101,HIGH,NIDMLJuBPwk_04__p1_tr.jpg@2320s[HIGH:95.8]|NIDMLJuBPwk_04__p3_br.jpg@2540s[MEDIUM:55.6]|NIDMLJuBPwk_05__p0_tl.jpg@2660s[MEDIUM:69.3]|NIDMLJuBPwk_05__p1_tr.jpg@2780s[HIGH:93.3]
NIDMLJuBPwk-PB3-007,NIDMLJuBPwk,3199.0,READY,NIDMLJuBPwk_06__p0_tl.jpg,3120,79,LOW,NIDMLJuBPwk_05__p0_tl.jpg@2660s[MEDIUM:69.3]|NIDMLJuBPwk_05__p1_tr.jpg@2780s[HIGH:93.3]|NIDMLJuBPwk_05__p3_br.jpg@3020s[HIGH:90.0]|NIDMLJuBPwk_06__p0_tl.jpg@3120s[LOW:0.0]
NIDMLJuBPwk-PB3-008,NIDMLJuBPwk,3492.0,READY,NIDMLJuBPwk_06__p2_bl.jpg,3380,112,HIGH,NIDMLJuBPwk_05__p3_br.jpg@3020s[HIGH:90.0]|NIDMLJuBPwk_06__p0_tl.jpg@3120s[LOW:0.0]|NIDMLJuBPwk_06__p1_tr.jpg@3220s[LOW:0.2]|NIDMLJuBPwk_06__p2_bl.jpg@3380s[HIGH:94.3]
NIDMLJuBPwk-PB3-009,NIDMLJuBPwk,3931.0,READY,NIDMLJuBPwk_07__p3_br.jpg,3900,31,HIGH,NIDMLJuBPwk_07__p0_tl.jpg@3580s[HIGH:85.6]|NIDMLJuBPwk_07__p1_tr.jpg@3700s[HIGH:91.4]|NIDMLJuBPwk_07__p2_bl.jpg@3800s[HIGH:92.4]|NIDMLJuBPwk_07__p3_br.jpg@3900s[HIGH:95.2]
ldrw26fGZOE-PB3-001,ldrw26fGZOE,67.0,READY,ldrw26fGZOE_00__p0_tl.jpg,0,67,PIPELINE_GUARANTEED,ldrw26fGZOE_00__p0_tl.jpg@0s[PIPELINE_GUARANTEED:100.0]
ldrw26fGZOE-PB3-002,ldrw26fGZOE,611.0,READY,ldrw26fGZOE_01__p0_tl.jpg,520,91,HIGH,ldrw26fGZOE_00__p1_tr.jpg@160s[HIGH:83.9]|ldrw26fGZOE_00__p2_bl.jpg@280s[HIGH:95.8]|ldrw26fGZOE_00__p3_br.jpg@400s[HIGH:96.3]|ldrw26fGZOE_01__p0_tl.jpg@520s[HIGH:91.1]
ldrw26fGZOE-PB3-003,ldrw26fGZOE,797.0,READY,ldrw26fGZOE_01__p2_bl.jpg,760,37,HIGH,ldrw26fGZOE_00__p3_br.jpg@400s[HIGH:96.3]|ldrw26fGZOE_01__p0_tl.jpg@520s[HIGH:91.1]|ldrw26fGZOE_01__p1_tr.jpg@660s[HIGH:96.0]|ldrw26fGZOE_01__p2_bl.jpg@760s[HIGH:96.4]
ldrw26fGZOE-PB3-004,ldrw26fGZOE,797.0,READY,ldrw26fGZOE_01__p2_bl.jpg,760,37,HIGH,ldrw26fGZOE_00__p3_br.jpg@400s[HIGH:96.3]|ldrw26fGZOE_01__p0_tl.jpg@520s[HIGH:91.1]|ldrw26fGZOE_01__p1_tr.jpg@660s[HIGH:96.0]|ldrw26fGZOE_01__p2_bl.jpg@760s[HIGH:96.4]
ldrw26fGZOE-PB3-005,ldrw26fGZOE,1087.0,READY,ldrw26fGZOE_02__p0_tl.jpg,1020,67,HIGH,ldrw26fGZOE_01__p1_tr.jpg@660s[HIGH:96.0]|ldrw26fGZOE_01__p2_bl.jpg@760s[HIGH:96.4]|ldrw26fGZOE_01__p3_br.jpg@880s[HIGH:96.0]|ldrw26fGZOE_02__p0_tl.jpg@1020s[HIGH:95.3]
ldrw26fGZOE-PB3-006,ldrw26fGZOE,1251.0,READY,ldrw26fGZOE_02__p1_tr.jpg,1140,111,HIGH,ldrw26fGZOE_01__p2_bl.jpg@760s[HIGH:96.4]|ldrw26fGZOE_01__p3_br.jpg@880s[HIGH:96.0]|ldrw26fGZOE_02__p0_tl.jpg@1020s[HIGH:95.3]|ldrw26fGZOE_02__p1_tr.jpg@1140s[HIGH:94.0]
ldrw26fGZOE-PB3-007,ldrw26fGZOE,1720.0,READY,ldrw26fGZOE_03__p1_tr.jpg,1620,100,HIGH,ldrw26fGZOE_02__p2_bl.jpg@1260s[HIGH:91.0]|ldrw26fGZOE_02__p3_br.jpg@1380s[HIGH:94.0]|ldrw26fGZOE_03__p0_tl.jpg@1500s[HIGH:96.2]|ldrw26fGZOE_03__p1_tr.jpg@1620s[HIGH:96.1]
ldrw26fGZOE-PB3-008,ldrw26fGZOE,1846.0,READY,ldrw26fGZOE_03__p2_bl.jpg,1740,106,HIGH,ldrw26fGZOE_02__p3_br.jpg@1380s[HIGH:94.0]|ldrw26fGZOE_03__p0_tl.jpg@1500s[HIGH:96.2]|ldrw26fGZOE_03__p1_tr.jpg@1620s[HIGH:96.1]|ldrw26fGZOE_03__p2_bl.jpg@1740s[HIGH:95.6]
ldrw26fGZOE-PB3-009,ldrw26fGZOE,2180.0,READY,ldrw26fGZOE_04__p1_tr.jpg,2100,80,HIGH,ldrw26fGZOE_03__p2_bl.jpg@1740s[HIGH:95.6]|ldrw26fGZOE_03__p3_br.jpg@1860s[HIGH:94.0]|ldrw26fGZOE_04__p0_tl.jpg@2000s[HIGH:96.1]|ldrw26fGZOE_04__p1_tr.jpg@2100s[HIGH:96.5]
ldrw26fGZOE-PB3-010,ldrw26fGZOE,2548.0,READY,ldrw26fGZOE_04__p3_br.jpg,2380,168,HIGH,ldrw26fGZOE_04__p0_tl.jpg@2000s[HIGH:96.1]|ldrw26fGZOE_04__p1_tr.jpg@2100s[HIGH:96.5]|ldrw26fGZOE_04__p2_bl.jpg@2220s[HIGH:96.6]|ldrw26fGZOE_04__p3_br.jpg@2380s[HIGH:96.6]
gfP4EW1IfVE-PB4-001,gfP4EW1IfVE,369.0,READY,gfP4EW1IfVE_00__p1_tr.jpg,240,129,HIGH,gfP4EW1IfVE_00__p0_tl.jpg@0s[PIPELINE_GUARANTEED:100.0]|gfP4EW1IfVE_00__p1_tr.jpg@240s[HIGH:91.1]
gfP4EW1IfVE-PB4-002,gfP4EW1IfVE,551.0,READY,gfP4EW1IfVE_00__p2_bl.jpg,380,171,HIGH,gfP4EW1IfVE_00__p0_tl.jpg@0s[PIPELINE_GUARANTEED:100.0]|gfP4EW1IfVE_00__p1_tr.jpg@240s[HIGH:91.1]|gfP4EW1IfVE_00__p2_bl.jpg@380s[HIGH:95.5]
gfP4EW1IfVE-PB4-003,gfP4EW1IfVE,551.0,READY,gfP4EW1IfVE_00__p2_bl.jpg,380,171,HIGH,gfP4EW1IfVE_00__p0_tl.jpg@0s[PIPELINE_GUARANTEED:100.0]|gfP4EW1IfVE_00__p1_tr.jpg@240s[HIGH:91.1]|gfP4EW1IfVE_00__p2_bl.jpg@380s[HIGH:95.5]
gfP4EW1IfVE-PB4-004,gfP4EW1IfVE,1105.0,READY,gfP4EW1IfVE_01__p3_br.jpg,1060,45,HIGH,gfP4EW1IfVE_01__p0_tl.jpg@660s[HIGH:96.0]|gfP4EW1IfVE_01__p1_tr.jpg@760s[HIGH:96.2]|gfP4EW1IfVE_01__p2_bl.jpg@880s[HIGH:96.2]|gfP4EW1IfVE_01__p3_br.jpg@1060s[HIGH:95.6]
gfP4EW1IfVE-PB4-005,gfP4EW1IfVE,1440.0,READY,gfP4EW1IfVE_02__p2_bl.jpg,1380,60,HIGH,gfP4EW1IfVE_01__p3_br.jpg@1060s[HIGH:95.6]|gfP4EW1IfVE_02__p0_tl.jpg@1160s[HIGH:95.6]|gfP4EW1IfVE_02__p1_tr.jpg@1280s[HIGH:96.1]|gfP4EW1IfVE_02__p2_bl.jpg@1380s[HIGH:92.8]
gfP4EW1IfVE-PB4-006,gfP4EW1IfVE,1793.0,READY,gfP4EW1IfVE_03__p1_tr.jpg,1720,73,HIGH,gfP4EW1IfVE_02__p2_bl.jpg@1380s[HIGH:92.8]|gfP4EW1IfVE_02__p3_br.jpg@1500s[HIGH:95.5]|gfP4EW1IfVE_03__p0_tl.jpg@1620s[HIGH:96.1]|gfP4EW1IfVE_03__p1_tr.jpg@1720s[HIGH:94.2]
gfP4EW1IfVE-PB4-007,gfP4EW1IfVE,2603.0,READY,gfP4EW1IfVE_05__p0_tl.jpg,2560,43,HIGH,gfP4EW1IfVE_04__p1_tr.jpg@2200s[HIGH:96.7]|gfP4EW1IfVE_04__p2_bl.jpg@2340s[HIGH:96.7]|gfP4EW1IfVE_04__p3_br.jpg@2440s[HIGH:96.2]|gfP4EW1IfVE_05__p0_tl.jpg@2560s[HIGH:80.5]
OCBsHuFhjUQ-PB4-001,OCBsHuFhjUQ,54.0,READY,OCBsHuFhjUQ_00__p0_tl.jpg,0,54,PIPELINE_GUARANTEED,OCBsHuFhjUQ_00__p0_tl.jpg@0s[PIPELINE_GUARANTEED:100.0]
OCBsHuFhjUQ-PB4-002,OCBsHuFhjUQ,275.0,READY,OCBsHuFhjUQ_00__p1_tr.jpg,140,135,HIGH,OCBsHuFhjUQ_00__p0_tl.jpg@0s[PIPELINE_GUARANTEED:100.0]|OCBsHuFhjUQ_00__p1_tr.jpg@140s[HIGH:95.1]
OCBsHuFhjUQ-PB4-003,OCBsHuFhjUQ,821.0,READY,OCBsHuFhjUQ_01__p2_bl.jpg,760,61,HIGH,OCBsHuFhjUQ_00__p3_br.jpg@360s[HIGH:93.2]|OCBsHuFhjUQ_01__p0_tl.jpg@480s[HIGH:82.3]|OCBsHuFhjUQ_01__p1_tr.jpg@600s[HIGH:93.9]|OCBsHuFhjUQ_01__p2_bl.jpg@760s[HIGH:94.6]
OCBsHuFhjUQ-PB4-004,OCBsHuFhjUQ,884.0,READY,OCBsHuFhjUQ_01__p2_bl.jpg,760,124,HIGH,OCBsHuFhjUQ_00__p3_br.jpg@360s[HIGH:93.2]|OCBsHuFhjUQ_01__p0_tl.jpg@480s[HIGH:82.3]|OCBsHuFhjUQ_01__p1_tr.jpg@600s[HIGH:93.9]|OCBsHuFhjUQ_01__p2_bl.jpg@760s[HIGH:94.6]
OCBsHuFhjUQ-PB4-005,OCBsHuFhjUQ,1140.0,READY,OCBsHuFhjUQ_02__p0_tl.jpg,1000,140,HIGH,OCBsHuFhjUQ_01__p1_tr.jpg@600s[HIGH:93.9]|OCBsHuFhjUQ_01__p2_bl.jpg@760s[HIGH:94.6]|OCBsHuFhjUQ_01__p3_br.jpg@880s[HIGH:95.5]|OCBsHuFhjUQ_02__p0_tl.jpg@1000s[HIGH:96.0]
OCBsHuFhjUQ-PB4-006,OCBsHuFhjUQ,1580.0,READY,OCBsHuFhjUQ_03__p0_tl.jpg,1500,80,HIGH,OCBsHuFhjUQ_02__p1_tr.jpg@1140s[HIGH:95.2]|OCBsHuFhjUQ_02__p2_bl.jpg@1240s[HIGH:95.6]|OCBsHuFhjUQ_02__p3_br.jpg@1340s[MEDIUM:60.6]|OCBsHuFhjUQ_03__p0_tl.jpg@1500s[HIGH:94.3]
OCBsHuFhjUQ-PB4-007,OCBsHuFhjUQ,1837.0,READY,OCBsHuFhjUQ_03__p1_tr.jpg,1600,237,HIGH,OCBsHuFhjUQ_02__p2_bl.jpg@1240s[HIGH:95.6]|OCBsHuFhjUQ_02__p3_br.jpg@1340s[MEDIUM:60.6]|OCBsHuFhjUQ_03__p0_tl.jpg@1500s[HIGH:94.3]|OCBsHuFhjUQ_03__p1_tr.jpg@1600s[HIGH:94.1]
OCBsHuFhjUQ-PB4-008,OCBsHuFhjUQ,2012.0,READY,OCBsHuFhjUQ_04__p0_tl.jpg,1940,72,HIGH,OCBsHuFhjUQ_03__p0_tl.jpg@1500s[HIGH:94.3]|OCBsHuFhjUQ_03__p1_tr.jpg@1600s[HIGH:94.1]|OCBsHuFhjUQ_03__p3_br.jpg@1820s[HIGH:83.1]|OCBsHuFhjUQ_04__p0_tl.jpg@1940s[HIGH:92.4]
OCBsHuFhjUQ-PB4-009,OCBsHuFhjUQ,2401.0,READY,OCBsHuFhjUQ_04__p3_br.jpg,2320,81,HIGH,OCBsHuFhjUQ_04__p0_tl.jpg@1940s[HIGH:92.4]|OCBsHuFhjUQ_04__p1_tr.jpg@2080s[HIGH:93.7]|OCBsHuFhjUQ_04__p2_bl.jpg@2180s[HIGH:96.0]|OCBsHuFhjUQ_04__p3_br.jpg@2320s[HIGH:91.7]
OCBsHuFhjUQ-PB4-010,OCBsHuFhjUQ,2672.0,READY,OCBsHuFhjUQ_05__p1_tr.jpg,2580,92,MEDIUM,OCBsHuFhjUQ_04__p2_bl.jpg@2180s[HIGH:96.0]|OCBsHuFhjUQ_04__p3_br.jpg@2320s[HIGH:91.7]|OCBsHuFhjUQ_05__p0_tl.jpg@2460s[HIGH:95.5]|OCBsHuFhjUQ_05__p1_tr.jpg@2580s[MEDIUM:77.1]
OCBsHuFhjUQ-PB4-011,OCBsHuFhjUQ,2919.0,READY,OCBsHuFhjUQ_05__p2_bl.jpg,2740,179,HIGH,OCBsHuFhjUQ_04__p3_br.jpg@2320s[HIGH:91.7]|OCBsHuFhjUQ_05__p0_tl.jpg@2460s[HIGH:95.5]|OCBsHuFhjUQ_05__p1_tr.jpg@2580s[MEDIUM:77.1]|OCBsHuFhjUQ_05__p2_bl.jpg@2740s[HIGH:93.5]
OCBsHuFhjUQ-PB4-012,OCBsHuFhjUQ,3315.0,READY,OCBsHuFhjUQ_06__p2_bl.jpg,3240,75,HIGH,OCBsHuFhjUQ_05__p2_bl.jpg@2740s[HIGH:93.5]|OCBsHuFhjUQ_06__p0_tl.jpg@2980s[HIGH:83.9]|OCBsHuFhjUQ_06__p1_tr.jpg@3100s[LOW:34.2]|OCBsHuFhjUQ_06__p2_bl.jpg@3240s[HIGH:80.3]
KsWpzeJhAVk-PB4-001,KsWpzeJhAVk,74.0,READY,KsWpzeJhAVk_00__p0_tl.jpg,0,74,PIPELINE_GUARANTEED,KsWpzeJhAVk_00__p0_tl.jpg@0s[PIPELINE_GUARANTEED:100.0]
KsWpzeJhAVk-PB4-002,KsWpzeJhAVk,514.0,READY,KsWpzeJhAVk_00__p3_br.jpg,400,114,HIGH,KsWpzeJhAVk_00__p0_tl.jpg@0s[PIPELINE_GUARANTEED:100.0]|KsWpzeJhAVk_00__p1_tr.jpg@180s[HIGH:82.3]|KsWpzeJhAVk_00__p3_br.jpg@400s[HIGH:96.6]
KsWpzeJhAVk-PB4-003,KsWpzeJhAVk,645.0,READY,KsWpzeJhAVk_01__p0_tl.jpg,520,125,HIGH,KsWpzeJhAVk_00__p0_tl.jpg@0s[PIPELINE_GUARANTEED:100.0]|KsWpzeJhAVk_00__p1_tr.jpg@180s[HIGH:82.3]|KsWpzeJhAVk_00__p3_br.jpg@400s[HIGH:96.6]|KsWpzeJhAVk_01__p0_tl.jpg@520s[HIGH:89.5]
KsWpzeJhAVk-PB4-004,KsWpzeJhAVk,797.0,READY,KsWpzeJhAVk_01__p2_bl.jpg,760,37,HIGH,KsWpzeJhAVk_00__p3_br.jpg@400s[HIGH:96.6]|KsWpzeJhAVk_01__p0_tl.jpg@520s[HIGH:89.5]|KsWpzeJhAVk_01__p1_tr.jpg@640s[HIGH:95.7]|KsWpzeJhAVk_01__p2_bl.jpg@760s[HIGH:94.8]
KsWpzeJhAVk-PB4-005,KsWpzeJhAVk,860.0,READY,KsWpzeJhAVk_01__p2_bl.jpg,760,100,HIGH,KsWpzeJhAVk_00__p3_br.jpg@400s[HIGH:96.6]|KsWpzeJhAVk_01__p0_tl.jpg@520s[HIGH:89.5]|KsWpzeJhAVk_01__p1_tr.jpg@640s[HIGH:95.7]|KsWpzeJhAVk_01__p2_bl.jpg@760s[HIGH:94.8]
KsWpzeJhAVk-PB4-006,KsWpzeJhAVk,1135.0,READY,KsWpzeJhAVk_02__p1_tr.jpg,1100,35,HIGH,KsWpzeJhAVk_01__p2_bl.jpg@760s[HIGH:94.8]|KsWpzeJhAVk_01__p3_br.jpg@880s[HIGH:95.4]|KsWpzeJhAVk_02__p0_tl.jpg@1000s[HIGH:96.0]|KsWpzeJhAVk_02__p1_tr.jpg@1100s[HIGH:96.1]
KsWpzeJhAVk-PB4-007,KsWpzeJhAVk,1207.0,READY,KsWpzeJhAVk_02__p1_tr.jpg,1100,107,HIGH,KsWpzeJhAVk_01__p2_bl.jpg@760s[HIGH:94.8]|KsWpzeJhAVk_01__p3_br.jpg@880s[HIGH:95.4]|KsWpzeJhAVk_02__p0_tl.jpg@1000s[HIGH:96.0]|KsWpzeJhAVk_02__p1_tr.jpg@1100s[HIGH:96.1]
KsWpzeJhAVk-PB4-008,KsWpzeJhAVk,1516.0,READY,KsWpzeJhAVk_03__p0_tl.jpg,1460,56,MEDIUM,KsWpzeJhAVk_02__p1_tr.jpg@1100s[HIGH:96.1]|KsWpzeJhAVk_02__p2_bl.jpg@1220s[HIGH:81.1]|KsWpzeJhAVk_02__p3_br.jpg@1340s[MEDIUM:54.1]|KsWpzeJhAVk_03__p0_tl.jpg@1460s[MEDIUM:66.3]
KsWpzeJhAVk-PB4-009,KsWpzeJhAVk,3112.0,READY,KsWpzeJhAVk_06__p0_tl.jpg,3020,92,HIGH,KsWpzeJhAVk_04__p2_bl.jpg@2180s[HIGH:95.1]|KsWpzeJhAVk_04__p3_br.jpg@2300s[HIGH:94.0]|KsWpzeJhAVk_05__p2_bl.jpg@2720s[HIGH:89.8]|KsWpzeJhAVk_06__p0_tl.jpg@3020s[HIGH:84.9]
EVm0u9Csglk-PB4-001,EVm0u9Csglk,85.0,READY,EVm0u9Csglk_00__p0_tl.jpg,0,85,PIPELINE_GUARANTEED,EVm0u9Csglk_00__p0_tl.jpg@0s[PIPELINE_GUARANTEED:100.0]
EVm0u9Csglk-PB4-002,EVm0u9Csglk,145.0,READY,EVm0u9Csglk_00__p0_tl.jpg,0,145,PIPELINE_GUARANTEED,EVm0u9Csglk_00__p0_tl.jpg@0s[PIPELINE_GUARANTEED:100.0]
EVm0u9Csglk-PB4-003,EVm0u9Csglk,903.0,READY,EVm0u9Csglk_01__p3_br.jpg,880,23,HIGH,EVm0u9Csglk_01__p0_tl.jpg@520s[HIGH:86.7]|EVm0u9Csglk_01__p1_tr.jpg@640s[HIGH:95.8]|EVm0u9Csglk_01__p2_bl.jpg@760s[HIGH:95.8]|EVm0u9Csglk_01__p3_br.jpg@880s[HIGH:96.1]
EVm0u9Csglk-PB4-004,EVm0u9Csglk,1441.0,READY,EVm0u9Csglk_02__p3_br.jpg,1380,61,HIGH,EVm0u9Csglk_02__p0_tl.jpg@1000s[HIGH:95.8]|EVm0u9Csglk_02__p1_tr.jpg@1120s[HIGH:84.3]|EVm0u9Csglk_02__p2_bl.jpg@1260s[HIGH:90.0]|EVm0u9Csglk_02__p3_br.jpg@1380s[HIGH:94.5]
EVm0u9Csglk-PB4-005,EVm0u9Csglk,1642.0,READY,EVm0u9Csglk_03__p1_tr.jpg,1600,42,HIGH,EVm0u9Csglk_02__p2_bl.jpg@1260s[HIGH:90.0]|EVm0u9Csglk_02__p3_br.jpg@1380s[HIGH:94.5]|EVm0u9Csglk_03__p0_tl.jpg@1500s[HIGH:96.2]|EVm0u9Csglk_03__p1_tr.jpg@1600s[HIGH:96.1]
EVm0u9Csglk-PB4-006,EVm0u9Csglk,2083.0,READY,EVm0u9Csglk_04__p0_tl.jpg,2040,43,HIGH,EVm0u9Csglk_03__p1_tr.jpg@1600s[HIGH:96.1]|EVm0u9Csglk_03__p2_bl.jpg@1740s[HIGH:94.5]|EVm0u9Csglk_03__p3_br.jpg@1880s[HIGH:96.5]|EVm0u9Csglk_04__p0_tl.jpg@2040s[HIGH:94.6]
EVm0u9Csglk-PB4-007,EVm0u9Csglk,2212.0,READY,EVm0u9Csglk_04__p1_tr.jpg,2180,32,HIGH,EVm0u9Csglk_03__p2_bl.jpg@1740s[HIGH:94.5]|EVm0u9Csglk_03__p3_br.jpg@1880s[HIGH:96.5]|EVm0u9Csglk_04__p0_tl.jpg@2040s[HIGH:94.6]|EVm0u9Csglk_04__p1_tr.jpg@2180s[HIGH:96.3]
EVm0u9Csglk-PB4-008,EVm0u9Csglk,2580.0,READY,EVm0u9Csglk_05__p0_tl.jpg,2540,40,LOW,EVm0u9Csglk_04__p1_tr.jpg@2180s[HIGH:96.3]|EVm0u9Csglk_04__p2_bl.jpg@2300s[HIGH:87.8]|EVm0u9Csglk_04__p3_br.jpg@2420s[HIGH:96.3]|EVm0u9Csglk_05__p0_tl.jpg@2540s[LOW:0.0]
EVm0u9Csglk-PB4-009,EVm0u9Csglk,3309.0,READY,EVm0u9Csglk_06__p1_tr.jpg,3180,129,HIGH,EVm0u9Csglk_05__p2_bl.jpg@2760s[MEDIUM:80.0]|EVm0u9Csglk_05__p3_br.jpg@2940s[MEDIUM:77.1]|EVm0u9Csglk_06__p0_tl.jpg@3060s[HIGH:96.5]|EVm0u9Csglk_06__p1_tr.jpg@3180s[HIGH:96.5]
HwXIifB0P6o-PB5-001,HwXIifB0P6o,481.0,READY,HwXIifB0P6o_00__p3_br.jpg,440,41,MEDIUM,HwXIifB0P6o_00__p0_tl.jpg@0s[PIPELINE_GUARANTEED:100.0]|HwXIifB0P6o_00__p1_tr.jpg@120s[HIGH:93.4]|HwXIifB0P6o_00__p2_bl.jpg@360s[HIGH:95.9]|HwXIifB0P6o_00__p3_br.jpg@440s[MEDIUM:77.7]
HwXIifB0P6o-PB5-002,HwXIifB0P6o,792.0,READY,HwXIifB0P6o_01__p1_tr.jpg,760,32,HIGH,HwXIifB0P6o_00__p2_bl.jpg@360s[HIGH:95.9]|HwXIifB0P6o_00__p3_br.jpg@440s[MEDIUM:77.7]|HwXIifB0P6o_01__p0_tl.jpg@620s[HIGH:95.7]|HwXIifB0P6o_01__p1_tr.jpg@760s[HIGH:96.2]
HwXIifB0P6o-PB5-003,HwXIifB0P6o,859.0,READY,HwXIifB0P6o_01__p1_tr.jpg,760,99,HIGH,HwXIifB0P6o_00__p2_bl.jpg@360s[HIGH:95.9]|HwXIifB0P6o_00__p3_br.jpg@440s[MEDIUM:77.7]|HwXIifB0P6o_01__p0_tl.jpg@620s[HIGH:95.7]|HwXIifB0P6o_01__p1_tr.jpg@760s[HIGH:96.2]
HwXIifB0P6o-PB5-004,HwXIifB0P6o,1193.0,READY,HwXIifB0P6o_02__p0_tl.jpg,1120,73,HIGH,HwXIifB0P6o_01__p1_tr.jpg@760s[HIGH:96.2]|HwXIifB0P6o_01__p2_bl.jpg@860s[HIGH:95.6]|HwXIifB0P6o_01__p3_br.jpg@1020s[HIGH:95.3]|HwXIifB0P6o_02__p0_tl.jpg@1120s[HIGH:84.3]
HwXIifB0P6o-PB5-005,HwXIifB0P6o,1256.0,READY,HwXIifB0P6o_02__p0_tl.jpg,1120,136,HIGH,HwXIifB0P6o_01__p1_tr.jpg@760s[HIGH:96.2]|HwXIifB0P6o_01__p2_bl.jpg@860s[HIGH:95.6]|HwXIifB0P6o_01__p3_br.jpg@1020s[HIGH:95.3]|HwXIifB0P6o_02__p0_tl.jpg@1120s[HIGH:84.3]
HwXIifB0P6o-PB5-006,HwXIifB0P6o,1709.0,READY,HwXIifB0P6o_03__p1_tr.jpg,1620,89,HIGH,HwXIifB0P6o_02__p2_bl.jpg@1320s[HIGH:91.2]|HwXIifB0P6o_02__p3_br.jpg@1420s[HIGH:95.9]|HwXIifB0P6o_03__p0_tl.jpg@1520s[HIGH:96.4]|HwXIifB0P6o_03__p1_tr.jpg@1620s[HIGH:96.1]
HwXIifB0P6o-PB5-007,HwXIifB0P6o,1771.0,READY,HwXIifB0P6o_03__p2_bl.jpg,1720,51,HIGH,HwXIifB0P6o_02__p3_br.jpg@1420s[HIGH:95.9]|HwXIifB0P6o_03__p0_tl.jpg@1520s[HIGH:96.4]|HwXIifB0P6o_03__p1_tr.jpg@1620s[HIGH:96.1]|HwXIifB0P6o_03__p2_bl.jpg@1720s[HIGH:84.5]
HwXIifB0P6o-PB5-008,HwXIifB0P6o,2823.0,READY,HwXIifB0P6o_05__p2_bl.jpg,2660,163,HIGH,HwXIifB0P6o_04__p3_br.jpg@2320s[MEDIUM:69.5]|HwXIifB0P6o_05__p0_tl.jpg@2440s[LOW:0.0]|HwXIifB0P6o_05__p1_tr.jpg@2540s[LOW:0.0]|HwXIifB0P6o_05__p2_bl.jpg@2660s[HIGH:95.9]
HOidQitTyAc-PB5-001,HOidQitTyAc,184.0,READY,HOidQitTyAc_00__p1_tr.jpg,160,24,HIGH,HOidQitTyAc_00__p0_tl.jpg@0s[PIPELINE_GUARANTEED:100.0]|HOidQitTyAc_00__p1_tr.jpg@160s[HIGH:83.9]
HOidQitTyAc-PB5-002,HOidQitTyAc,313.0,READY,HOidQitTyAc_00__p2_bl.jpg,280,33,HIGH,HOidQitTyAc_00__p0_tl.jpg@0s[PIPELINE_GUARANTEED:100.0]|HOidQitTyAc_00__p1_tr.jpg@160s[HIGH:83.9]|HOidQitTyAc_00__p2_bl.jpg@280s[HIGH:96.2]
HOidQitTyAc-PB5-003,HOidQitTyAc,885.0,READY,HOidQitTyAc_01__p3_br.jpg,840,45,HIGH,HOidQitTyAc_01__p0_tl.jpg@480s[HIGH:93.8]|HOidQitTyAc_01__p1_tr.jpg@620s[HIGH:95.7]|HOidQitTyAc_01__p2_bl.jpg@720s[HIGH:96.3]|HOidQitTyAc_01__p3_br.jpg@840s[HIGH:96.2]
HOidQitTyAc-PB5-004,HOidQitTyAc,1178.0,READY,HOidQitTyAc_02__p1_tr.jpg,1040,138,HIGH,HOidQitTyAc_01__p2_bl.jpg@720s[HIGH:96.3]|HOidQitTyAc_01__p3_br.jpg@840s[HIGH:96.2]|HOidQitTyAc_02__p0_tl.jpg@940s[HIGH:95.2]|HOidQitTyAc_02__p1_tr.jpg@1040s[HIGH:95.3]
HOidQitTyAc-PB5-005,HOidQitTyAc,1440.0,READY,HOidQitTyAc_02__p3_br.jpg,1340,100,HIGH,HOidQitTyAc_02__p0_tl.jpg@940s[HIGH:95.2]|HOidQitTyAc_02__p1_tr.jpg@1040s[HIGH:95.3]|HOidQitTyAc_02__p2_bl.jpg@1180s[HIGH:95.8]|HOidQitTyAc_02__p3_br.jpg@1340s[HIGH:93.8]
HOidQitTyAc-PB5-006,HOidQitTyAc,1865.0,READY,HOidQitTyAc_03__p3_br.jpg,1800,65,HIGH,HOidQitTyAc_03__p0_tl.jpg@1440s[HIGH:95.6]|HOidQitTyAc_03__p1_tr.jpg@1560s[HIGH:95.9]|HOidQitTyAc_03__p2_bl.jpg@1660s[HIGH:95.8]|HOidQitTyAc_03__p3_br.jpg@1800s[HIGH:96.3]
HOidQitTyAc-PB5-007,HOidQitTyAc,2599.0,READY,HOidQitTyAc_05__p1_tr.jpg,2480,119,LOW,HOidQitTyAc_04__p2_bl.jpg@2120s[HIGH:95.4]|HOidQitTyAc_04__p3_br.jpg@2240s[HIGH:96.1]|HOidQitTyAc_05__p0_tl.jpg@2360s[HIGH:96.2]|HOidQitTyAc_05__p1_tr.jpg@2480s[LOW:48.6]
HOidQitTyAc-PB5-008,HOidQitTyAc,3129.0,READY,HOidQitTyAc_06__p1_tr.jpg,3060,69,HIGH,HOidQitTyAc_05__p2_bl.jpg@2580s[HIGH:95.5]|HOidQitTyAc_05__p3_br.jpg@2700s[HIGH:95.9]|HOidQitTyAc_06__p0_tl.jpg@2860s[LOW:0.0]|HOidQitTyAc_06__p1_tr.jpg@3060s[HIGH:96.5]
HOidQitTyAc-PB5-009,HOidQitTyAc,3680.0,READY,HOidQitTyAc_07__p2_bl.jpg,3660,20,HIGH,HOidQitTyAc_06__p3_br.jpg@3320s[HIGH:95.3]|HOidQitTyAc_07__p0_tl.jpg@3420s[HIGH:96.6]|HOidQitTyAc_07__p1_tr.jpg@3560s[HIGH:95.3]|HOidQitTyAc_07__p2_bl.jpg@3660s[HIGH:96.2]
HOidQitTyAc-PB5-010,HOidQitTyAc,4240.0,READY,HOidQitTyAc_08__p2_bl.jpg,4160,80,HIGH,HOidQitTyAc_07__p3_br.jpg@3780s[HIGH:96.2]|HOidQitTyAc_08__p0_tl.jpg@3920s[HIGH:96.5]|HOidQitTyAc_08__p1_tr.jpg@4020s[HIGH:96.1]|HOidQitTyAc_08__p2_bl.jpg@4160s[HIGH:93.4]
aEw6393GE1c-PB5-001,aEw6393GE1c,,MANUAL_PRESTREAM,,,,,
aEw6393GE1c-PB5-002,aEw6393GE1c,817.0,READY,aEw6393GE1c_01__p1_tr.jpg,700,117,HIGH,aEw6393GE1c_00__p2_bl.jpg@200s[HIGH:95.4]|aEw6393GE1c_00__p3_br.jpg@340s[HIGH:96.6]|aEw6393GE1c_01__p0_tl.jpg@480s[HIGH:93.9]|aEw6393GE1c_01__p1_tr.jpg@700s[HIGH:95.6]
aEw6393GE1c-PB5-003,aEw6393GE1c,1002.0,READY,aEw6393GE1c_01__p3_br.jpg,920,82,HIGH,aEw6393GE1c_01__p0_tl.jpg@480s[HIGH:93.9]|aEw6393GE1c_01__p1_tr.jpg@700s[HIGH:95.6]|aEw6393GE1c_01__p2_bl.jpg@800s[HIGH:95.9]|aEw6393GE1c_01__p3_br.jpg@920s[HIGH:96.1]
aEw6393GE1c-PB5-004,aEw6393GE1c,1062.0,READY,aEw6393GE1c_02__p0_tl.jpg,1040,22,HIGH,aEw6393GE1c_01__p1_tr.jpg@700s[HIGH:95.6]|aEw6393GE1c_01__p2_bl.jpg@800s[HIGH:95.9]|aEw6393GE1c_01__p3_br.jpg@920s[HIGH:96.1]|aEw6393GE1c_02__p0_tl.jpg@1040s[HIGH:95.3]
aEw6393GE1c-PB5-005,aEw6393GE1c,1383.0,READY,aEw6393GE1c_02__p2_bl.jpg,1280,103,HIGH,aEw6393GE1c_01__p3_br.jpg@920s[HIGH:96.1]|aEw6393GE1c_02__p0_tl.jpg@1040s[HIGH:95.3]|aEw6393GE1c_02__p1_tr.jpg@1140s[HIGH:94.0]|aEw6393GE1c_02__p2_bl.jpg@1280s[HIGH:94.8]
aEw6393GE1c-PB5-006,aEw6393GE1c,1594.0,READY,aEw6393GE1c_03__p0_tl.jpg,1520,74,HIGH,aEw6393GE1c_02__p1_tr.jpg@1140s[HIGH:94.0]|aEw6393GE1c_02__p2_bl.jpg@1280s[HIGH:94.8]|aEw6393GE1c_02__p3_br.jpg@1400s[HIGH:95.4]|aEw6393GE1c_03__p0_tl.jpg@1520s[HIGH:96.1]
h93tKxejXwQ-PB5-001,h93tKxejXwQ,220.0,READY,h93tKxejXwQ_00__p1_tr.jpg,120,100,HIGH,h93tKxejXwQ_00__p0_tl.jpg@0s[PIPELINE_GUARANTEED:100.0]|h93tKxejXwQ_00__p1_tr.jpg@120s[HIGH:93.4]
h93tKxejXwQ-PB5-002,h93tKxejXwQ,1461.0,READY,h93tKxejXwQ_02__p3_br.jpg,1400,61,HIGH,h93tKxejXwQ_02__p0_tl.jpg@980s[HIGH:95.2]|h93tKxejXwQ_02__p1_tr.jpg@1100s[HIGH:89.0]|h93tKxejXwQ_02__p2_bl.jpg@1220s[HIGH:96.0]|h93tKxejXwQ_02__p3_br.jpg@1400s[HIGH:95.0]
h93tKxejXwQ-PB5-003,h93tKxejXwQ,1649.0,READY,h93tKxejXwQ_03__p1_tr.jpg,1600,49,HIGH,h93tKxejXwQ_02__p2_bl.jpg@1220s[HIGH:96.0]|h93tKxejXwQ_02__p3_br.jpg@1400s[HIGH:95.0]|h93tKxejXwQ_03__p0_tl.jpg@1500s[HIGH:96.2]|h93tKxejXwQ_03__p1_tr.jpg@1600s[HIGH:96.0]
h93tKxejXwQ-PB5-004,h93tKxejXwQ,1895.0,READY,h93tKxejXwQ_03__p3_br.jpg,1820,75,HIGH,h93tKxejXwQ_03__p0_tl.jpg@1500s[HIGH:96.2]|h93tKxejXwQ_03__p1_tr.jpg@1600s[HIGH:96.0]|h93tKxejXwQ_03__p2_bl.jpg@1700s[HIGH:91.4]|h93tKxejXwQ_03__p3_br.jpg@1820s[HIGH:95.7]
h93tKxejXwQ-PB5-005,h93tKxejXwQ,2583.0,READY,h93tKxejXwQ_05__p0_tl.jpg,2500,83,LOW,h93tKxejXwQ_04__p1_tr.jpg@2080s[HIGH:96.6]|h93tKxejXwQ_04__p2_bl.jpg@2220s[HIGH:96.4]|h93tKxejXwQ_04__p3_br.jpg@2380s[HIGH:96.6]|h93tKxejXwQ_05__p0_tl.jpg@2500s[LOW:43.7]
9D7wgJCdP5c-PB6-001,9D7wgJCdP5c,355.0,READY,9D7wgJCdP5c_00__p2_bl.jpg,320,35,HIGH,9D7wgJCdP5c_00__p0_tl.jpg@0s[PIPELINE_GUARANTEED:100.0]|9D7wgJCdP5c_00__p1_tr.jpg@200s[HIGH:95.9]|9D7wgJCdP5c_00__p2_bl.jpg@320s[HIGH:94.9]
9D7wgJCdP5c-PB6-002,9D7wgJCdP5c,480.0,READY,9D7wgJCdP5c_00__p3_br.jpg,440,40,MEDIUM,9D7wgJCdP5c_00__p0_tl.jpg@0s[PIPELINE_GUARANTEED:100.0]|9D7wgJCdP5c_00__p1_tr.jpg@200s[HIGH:95.9]|9D7wgJCdP5c_00__p2_bl.jpg@320s[HIGH:94.9]|9D7wgJCdP5c_00__p3_br.jpg@440s[MEDIUM:74.9]
9D7wgJCdP5c-PB6-003,9D7wgJCdP5c,618.0,READY,9D7wgJCdP5c_01__p0_tl.jpg,580,38,HIGH,9D7wgJCdP5c_00__p1_tr.jpg@200s[HIGH:95.9]|9D7wgJCdP5c_00__p2_bl.jpg@320s[HIGH:94.9]|9D7wgJCdP5c_00__p3_br.jpg@440s[MEDIUM:74.9]|9D7wgJCdP5c_01__p0_tl.jpg@580s[HIGH:95.5]
9D7wgJCdP5c-PB6-004,9D7wgJCdP5c,1065.0,READY,9D7wgJCdP5c_01__p3_br.jpg,920,145,HIGH,9D7wgJCdP5c_01__p0_tl.jpg@580s[HIGH:95.5]|9D7wgJCdP5c_01__p1_tr.jpg@700s[HIGH:95.6]|9D7wgJCdP5c_01__p2_bl.jpg@800s[HIGH:95.7]|9D7wgJCdP5c_01__p3_br.jpg@920s[HIGH:96.2]
9D7wgJCdP5c-PB6-005,9D7wgJCdP5c,1311.0,READY,9D7wgJCdP5c_02__p1_tr.jpg,1160,151,HIGH,9D7wgJCdP5c_01__p2_bl.jpg@800s[HIGH:95.7]|9D7wgJCdP5c_01__p3_br.jpg@920s[HIGH:96.2]|9D7wgJCdP5c_02__p0_tl.jpg@1060s[HIGH:95.5]|9D7wgJCdP5c_02__p1_tr.jpg@1160s[HIGH:95.6]
9D7wgJCdP5c-PB6-006,9D7wgJCdP5c,1505.0,READY,9D7wgJCdP5c_02__p3_br.jpg,1400,105,HIGH,9D7wgJCdP5c_02__p0_tl.jpg@1060s[HIGH:95.5]|9D7wgJCdP5c_02__p1_tr.jpg@1160s[HIGH:95.6]|9D7wgJCdP5c_02__p2_bl.jpg@1300s[HIGH:93.8]|9D7wgJCdP5c_02__p3_br.jpg@1400s[HIGH:95.5]
9D7wgJCdP5c-PB6-007,9D7wgJCdP5c,2091.0,READY,9D7wgJCdP5c_04__p0_tl.jpg,2020,71,HIGH,9D7wgJCdP5c_03__p1_tr.jpg@1640s[HIGH:95.1]|9D7wgJCdP5c_03__p2_bl.jpg@1800s[HIGH:95.8]|9D7wgJCdP5c_03__p3_br.jpg@1900s[HIGH:96.1]|9D7wgJCdP5c_04__p0_tl.jpg@2020s[HIGH:96.7]
9D7wgJCdP5c-PB6-008,9D7wgJCdP5c,2684.0,READY,9D7wgJCdP5c_05__p1_tr.jpg,2640,44,LOW,9D7wgJCdP5c_04__p1_tr.jpg@2140s[HIGH:96.8]|9D7wgJCdP5c_04__p3_br.jpg@2400s[HIGH:96.4]|9D7wgJCdP5c_05__p0_tl.jpg@2520s[LOW:0.0]|9D7wgJCdP5c_05__p1_tr.jpg@2640s[LOW:23.7]
9D7wgJCdP5c-PB6-009,9D7wgJCdP5c,2807.0,READY,9D7wgJCdP5c_05__p2_bl.jpg,2760,47,HIGH,9D7wgJCdP5c_04__p3_br.jpg@2400s[HIGH:96.4]|9D7wgJCdP5c_05__p0_tl.jpg@2520s[LOW:0.0]|9D7wgJCdP5c_05__p1_tr.jpg@2640s[LOW:23.7]|9D7wgJCdP5c_05__p2_bl.jpg@2760s[HIGH:84.8]
MbUagftbsIw-PB6-001,MbUagftbsIw,110.0,READY,MbUagftbsIw_00__p0_tl.jpg,0,110,PIPELINE_GUARANTEED,MbUagftbsIw_00__p0_tl.jpg@0s[PIPELINE_GUARANTEED:100.0]
MbUagftbsIw-PB6-002,MbUagftbsIw,521.0,READY,MbUagftbsIw_00__p3_br.jpg,480,41,HIGH,MbUagftbsIw_00__p0_tl.jpg@0s[PIPELINE_GUARANTEED:100.0]|MbUagftbsIw_00__p1_tr.jpg@260s[HIGH:92.4]|MbUagftbsIw_00__p2_bl.jpg@380s[HIGH:94.7]|MbUagftbsIw_00__p3_br.jpg@480s[HIGH:84.8]
MbUagftbsIw-PB6-003,MbUagftbsIw,646.0,READY,MbUagftbsIw_01__p0_tl.jpg,600,46,HIGH,MbUagftbsIw_00__p1_tr.jpg@260s[HIGH:92.4]|MbUagftbsIw_00__p2_bl.jpg@380s[HIGH:94.7]|MbUagftbsIw_00__p3_br.jpg@480s[HIGH:84.8]|MbUagftbsIw_01__p0_tl.jpg@600s[HIGH:93.9]
MbUagftbsIw-PB6-004,MbUagftbsIw,1352.0,READY,MbUagftbsIw_02__p1_tr.jpg,1220,132,HIGH,MbUagftbsIw_01__p2_bl.jpg@840s[HIGH:95.8]|MbUagftbsIw_01__p3_br.jpg@940s[HIGH:95.8]|MbUagftbsIw_02__p0_tl.jpg@1060s[HIGH:91.8]|MbUagftbsIw_02__p1_tr.jpg@1220s[HIGH:88.7]
MbUagftbsIw-PB6-005,MbUagftbsIw,1414.0,READY,MbUagftbsIw_02__p2_bl.jpg,1340,74,HIGH,MbUagftbsIw_01__p3_br.jpg@940s[HIGH:95.8]|MbUagftbsIw_02__p0_tl.jpg@1060s[HIGH:91.8]|MbUagftbsIw_02__p1_tr.jpg@1220s[HIGH:88.7]|MbUagftbsIw_02__p2_bl.jpg@1340s[HIGH:89.0]
MbUagftbsIw-PB6-006,MbUagftbsIw,1902.0,READY,MbUagftbsIw_03__p2_bl.jpg,1840,62,HIGH,MbUagftbsIw_02__p3_br.jpg@1460s[MEDIUM:61.3]|MbUagftbsIw_03__p0_tl.jpg@1560s[HIGH:84.0]|MbUagftbsIw_03__p1_tr.jpg@1720s[HIGH:88.2]|MbUagftbsIw_03__p2_bl.jpg@1840s[HIGH:93.9]
MbUagftbsIw-PB6-007,MbUagftbsIw,2257.0,READY,MbUagftbsIw_04__p1_tr.jpg,2180,77,HIGH,MbUagftbsIw_03__p2_bl.jpg@1840s[HIGH:93.9]|MbUagftbsIw_03__p3_br.jpg@1960s[HIGH:94.9]|MbUagftbsIw_04__p0_tl.jpg@2060s[HIGH:93.0]|MbUagftbsIw_04__p1_tr.jpg@2180s[HIGH:95.4]
2c249LLRY_Q-PB6-001,2c249LLRY_Q,197.0,READY,2c249LLRY_Q_00__p1_tr.jpg,140,57,HIGH,2c249LLRY_Q_00__p0_tl.jpg@0s[PIPELINE_GUARANTEED:100.0]|2c249LLRY_Q_00__p1_tr.jpg@140s[HIGH:93.9]
2c249LLRY_Q-PB6-002,2c249LLRY_Q,579.0,READY,2c249LLRY_Q_01__p0_tl.jpg,520,59,HIGH,2c249LLRY_Q_00__p1_tr.jpg@140s[HIGH:93.9]|2c249LLRY_Q_00__p2_bl.jpg@240s[HIGH:96.7]|2c249LLRY_Q_00__p3_br.jpg@380s[HIGH:96.0]|2c249LLRY_Q_01__p0_tl.jpg@520s[HIGH:84.5]
2c249LLRY_Q-PB6-003,2c249LLRY_Q,763.0,READY,2c249LLRY_Q_01__p1_tr.jpg,640,123,HIGH,2c249LLRY_Q_00__p2_bl.jpg@240s[HIGH:96.7]|2c249LLRY_Q_00__p3_br.jpg@380s[HIGH:96.0]|2c249LLRY_Q_01__p0_tl.jpg@520s[HIGH:84.5]|2c249LLRY_Q_01__p1_tr.jpg@640s[HIGH:95.8]
2c249LLRY_Q-PB6-004,2c249LLRY_Q,197.0,READY,2c249LLRY_Q_00__p1_tr.jpg,140,57,HIGH,2c249LLRY_Q_00__p0_tl.jpg@0s[PIPELINE_GUARANTEED:100.0]|2c249LLRY_Q_00__p1_tr.jpg@140s[HIGH:93.9]
2c249LLRY_Q-PB6-005,2c249LLRY_Q,1831.0,READY,2c249LLRY_Q_03__p2_bl.jpg,1700,131,HIGH,2c249LLRY_Q_02__p3_br.jpg@1340s[HIGH:93.6]|2c249LLRY_Q_03__p0_tl.jpg@1460s[HIGH:95.4]|2c249LLRY_Q_03__p1_tr.jpg@1580s[HIGH:96.4]|2c249LLRY_Q_03__p2_bl.jpg@1700s[HIGH:93.7]
suuicaoUvDQ-PB6-001,suuicaoUvDQ,212.0,READY,suuicaoUvDQ_00__p1_tr.jpg,140,72,HIGH,suuicaoUvDQ_00__p0_tl.jpg@0s[PIPELINE_GUARANTEED:100.0]|suuicaoUvDQ_00__p1_tr.jpg@140s[HIGH:92.4]
suuicaoUvDQ-PB6-002,suuicaoUvDQ,508.0,READY,suuicaoUvDQ_01__p0_tl.jpg,480,28,HIGH,suuicaoUvDQ_00__p1_tr.jpg@140s[HIGH:92.4]|suuicaoUvDQ_00__p2_bl.jpg@260s[HIGH:96.3]|suuicaoUvDQ_00__p3_br.jpg@360s[HIGH:96.0]|suuicaoUvDQ_01__p0_tl.jpg@480s[HIGH:93.9]
suuicaoUvDQ-PB6-003,suuicaoUvDQ,768.0,READY,suuicaoUvDQ_01__p2_bl.jpg,720,48,HIGH,suuicaoUvDQ_00__p3_br.jpg@360s[HIGH:96.0]|suuicaoUvDQ_01__p0_tl.jpg@480s[HIGH:93.9]|suuicaoUvDQ_01__p1_tr.jpg@600s[HIGH:96.1]|suuicaoUvDQ_01__p2_bl.jpg@720s[HIGH:96.3]
suuicaoUvDQ-PB6-004,suuicaoUvDQ,1251.0,READY,suuicaoUvDQ_02__p2_bl.jpg,1200,51,HIGH,suuicaoUvDQ_01__p3_br.jpg@820s[HIGH:95.1]|suuicaoUvDQ_02__p0_tl.jpg@920s[HIGH:94.7]|suuicaoUvDQ_02__p1_tr.jpg@1080s[HIGH:88.1]|suuicaoUvDQ_02__p2_bl.jpg@1200s[HIGH:95.3]
suuicaoUvDQ-PB6-005,suuicaoUvDQ,1319.0,READY,suuicaoUvDQ_02__p2_bl.jpg,1200,119,HIGH,suuicaoUvDQ_01__p3_br.jpg@820s[HIGH:95.1]|suuicaoUvDQ_02__p0_tl.jpg@920s[HIGH:94.7]|suuicaoUvDQ_02__p1_tr.jpg@1080s[HIGH:88.1]|suuicaoUvDQ_02__p2_bl.jpg@1200s[HIGH:95.3]
suuicaoUvDQ-PB6-006,suuicaoUvDQ,1638.0,READY,suuicaoUvDQ_03__p1_tr.jpg,1560,78,HIGH,suuicaoUvDQ_02__p2_bl.jpg@1200s[HIGH:95.3]|suuicaoUvDQ_02__p3_br.jpg@1300s[HIGH:93.1]|suuicaoUvDQ_03__p0_tl.jpg@1420s[HIGH:95.5]|suuicaoUvDQ_03__p1_tr.jpg@1560s[HIGH:95.9]
suuicaoUvDQ-PB6-007,suuicaoUvDQ,1770.0,READY,suuicaoUvDQ_03__p2_bl.jpg,1700,70,HIGH,suuicaoUvDQ_02__p3_br.jpg@1300s[HIGH:93.1]|suuicaoUvDQ_03__p0_tl.jpg@1420s[HIGH:95.5]|suuicaoUvDQ_03__p1_tr.jpg@1560s[HIGH:95.9]|suuicaoUvDQ_03__p2_bl.jpg@1700s[HIGH:85.6]
suuicaoUvDQ-PB6-008,suuicaoUvDQ,2612.0,READY,suuicaoUvDQ_05__p0_tl.jpg,2480,132,LOW,suuicaoUvDQ_04__p1_tr.jpg@2080s[HIGH:96.6]|suuicaoUvDQ_04__p2_bl.jpg@2220s[HIGH:96.4]|suuicaoUvDQ_04__p3_br.jpg@2340s[HIGH:95.7]|suuicaoUvDQ_05__p0_tl.jpg@2480s[LOW:48.6]
suuicaoUvDQ-PB6-009,suuicaoUvDQ,2820.0,READY,suuicaoUvDQ_05__p2_bl.jpg,2720,100,HIGH,suuicaoUvDQ_04__p3_br.jpg@2340s[HIGH:95.7]|suuicaoUvDQ_05__p0_tl.jpg@2480s[LOW:48.6]|suuicaoUvDQ_05__p1_tr.jpg@2620s[LOW:0.0]|suuicaoUvDQ_05__p2_bl.jpg@2720s[HIGH:96.5]
suuicaoUvDQ-PB6-010,suuicaoUvDQ,3627.0,READY,suuicaoUvDQ_07__p0_tl.jpg,3460,167,HIGH,suuicaoUvDQ_06__p1_tr.jpg@3040s[HIGH:96.3]|suuicaoUvDQ_06__p2_bl.jpg@3160s[HIGH:96.2]|suuicaoUvDQ_06__p3_br.jpg@3260s[HIGH:96.4]|suuicaoUvDQ_07__p0_tl.jpg@3460s[HIGH:95.8]
wQ5uxbmLlM4-PB7-001,wQ5uxbmLlM4,198.0,READY,wQ5uxbmLlM4_00__p1_tr.jpg,140,58,HIGH,wQ5uxbmLlM4_00__p0_tl.jpg@0s[PIPELINE_GUARANTEED:100.0]|wQ5uxbmLlM4_00__p1_tr.jpg@140s[HIGH:94.2]
wQ5uxbmLlM4-PB7-002,wQ5uxbmLlM4,328.0,READY,wQ5uxbmLlM4_00__p2_bl.jpg,260,68,HIGH,wQ5uxbmLlM4_00__p0_tl.jpg@0s[PIPELINE_GUARANTEED:100.0]|wQ5uxbmLlM4_00__p1_tr.jpg@140s[HIGH:94.2]|wQ5uxbmLlM4_00__p2_bl.jpg@260s[HIGH:96.5]
wQ5uxbmLlM4-PB7-003,wQ5uxbmLlM4,1317.0,READY,wQ5uxbmLlM4_02__p1_tr.jpg,1160,157,HIGH,wQ5uxbmLlM4_01__p2_bl.jpg@720s[HIGH:96.4]|wQ5uxbmLlM4_01__p3_br.jpg@860s[HIGH:95.6]|wQ5uxbmLlM4_02__p0_tl.jpg@1000s[HIGH:95.8]|wQ5uxbmLlM4_02__p1_tr.jpg@1160s[HIGH:95.6]
wQ5uxbmLlM4-PB7-004,wQ5uxbmLlM4,2350.0,READY,wQ5uxbmLlM4_04__p1_tr.jpg,2140,210,HIGH,wQ5uxbmLlM4_03__p2_bl.jpg@1800s[HIGH:96.1]|wQ5uxbmLlM4_03__p3_br.jpg@1900s[HIGH:96.5]|wQ5uxbmLlM4_04__p0_tl.jpg@2000s[HIGH:95.9]|wQ5uxbmLlM4_04__p1_tr.jpg@2140s[HIGH:96.8]
wQ5uxbmLlM4-PB7-005,wQ5uxbmLlM4,2815.0,READY,wQ5uxbmLlM4_05__p1_tr.jpg,2680,135,LOW,wQ5uxbmLlM4_04__p2_bl.jpg@2340s[HIGH:96.3]|wQ5uxbmLlM4_04__p3_br.jpg@2460s[HIGH:96.0]|wQ5uxbmLlM4_05__p0_tl.jpg@2580s[LOW:10.0]|wQ5uxbmLlM4_05__p1_tr.jpg@2680s[LOW:6.5]
m0l1wj9IZ2o-PB7-001,m0l1wj9IZ2o,55.0,READY,m0l1wj9IZ2o_00__p0_tl.jpg,0,55,PIPELINE_GUARANTEED,m0l1wj9IZ2o_00__p0_tl.jpg@0s[PIPELINE_GUARANTEED:100.0]
m0l1wj9IZ2o-PB7-002,m0l1wj9IZ2o,432.0,READY,m0l1wj9IZ2o_00__p3_br.jpg,380,52,HIGH,m0l1wj9IZ2o_00__p0_tl.jpg@0s[PIPELINE_GUARANTEED:100.0]|m0l1wj9IZ2o_00__p1_tr.jpg@160s[HIGH:83.9]|m0l1wj9IZ2o_00__p2_bl.jpg@280s[HIGH:95.9]|m0l1wj9IZ2o_00__p3_br.jpg@380s[HIGH:95.4]
m0l1wj9IZ2o-PB7-003,m0l1wj9IZ2o,588.0,READY,m0l1wj9IZ2o_01__p1_tr.jpg,560,28,HIGH,m0l1wj9IZ2o_00__p2_bl.jpg@280s[HIGH:95.9]|m0l1wj9IZ2o_00__p3_br.jpg@380s[HIGH:95.4]|m0l1wj9IZ2o_01__p0_tl.jpg@460s[HIGH:85.5]|m0l1wj9IZ2o_01__p1_tr.jpg@560s[HIGH:95.4]
m0l1wj9IZ2o-PB7-004,m0l1wj9IZ2o,1108.0,READY,m0l1wj9IZ2o_02__p2_bl.jpg,1020,88,HIGH,m0l1wj9IZ2o_01__p3_br.jpg@740s[HIGH:95.7]|m0l1wj9IZ2o_02__p0_tl.jpg@840s[HIGH:96.4]|m0l1wj9IZ2o_02__p1_tr.jpg@940s[HIGH:95.2]|m0l1wj9IZ2o_02__p2_bl.jpg@1020s[HIGH:95.3]
m0l1wj9IZ2o-PB7-005,m0l1wj9IZ2o,1241.0,READY,m0l1wj9IZ2o_02__p3_br.jpg,1160,81,HIGH,m0l1wj9IZ2o_02__p0_tl.jpg@840s[HIGH:96.4]|m0l1wj9IZ2o_02__p1_tr.jpg@940s[HIGH:95.2]|m0l1wj9IZ2o_02__p2_bl.jpg@1020s[HIGH:95.3]|m0l1wj9IZ2o_02__p3_br.jpg@1160s[HIGH:94.9]
m0l1wj9IZ2o-PB7-006,m0l1wj9IZ2o,2318.0,READY,m0l1wj9IZ2o_05__p0_tl.jpg,2260,58,HIGH,m0l1wj9IZ2o_04__p1_tr.jpg@1820s[HIGH:96.6]|m0l1wj9IZ2o_04__p2_bl.jpg@2000s[HIGH:96.0]|m0l1wj9IZ2o_04__p3_br.jpg@2180s[HIGH:96.4]|m0l1wj9IZ2o_05__p0_tl.jpg@2260s[HIGH:96.7]
M078bAYBc-E-PB7-001,M078bAYBc-E,734.0,READY,M078bAYBc-E_01__p1_tr.jpg,620,114,HIGH,M078bAYBc-E_00__p2_bl.jpg@260s[HIGH:95.0]|M078bAYBc-E_00__p3_br.jpg@400s[HIGH:96.4]|M078bAYBc-E_01__p0_tl.jpg@500s[HIGH:88.2]|M078bAYBc-E_01__p1_tr.jpg@620s[HIGH:94.4]
M078bAYBc-E-PB7-002,M078bAYBc-E,960.0,READY,M078bAYBc-E_01__p3_br.jpg,840,120,HIGH,M078bAYBc-E_01__p0_tl.jpg@500s[HIGH:88.2]|M078bAYBc-E_01__p1_tr.jpg@620s[HIGH:94.4]|M078bAYBc-E_01__p2_bl.jpg@720s[HIGH:94.7]|M078bAYBc-E_01__p3_br.jpg@840s[HIGH:95.8]
M078bAYBc-E-PB7-003,M078bAYBc-E,1540.0,READY,M078bAYBc-E_03__p0_tl.jpg,1420,120,HIGH,M078bAYBc-E_02__p1_tr.jpg@1060s[HIGH:91.5]|M078bAYBc-E_02__p2_bl.jpg@1200s[MEDIUM:79.5]|M078bAYBc-E_02__p3_br.jpg@1320s[HIGH:83.7]|M078bAYBc-E_03__p0_tl.jpg@1420s[HIGH:95.2]
M078bAYBc-E-PB7-004,M078bAYBc-E,2784.0,READY,M078bAYBc-E_05__p2_bl.jpg,2720,64,HIGH,M078bAYBc-E_04__p3_br.jpg@2360s[MEDIUM:70.2]|M078bAYBc-E_05__p0_tl.jpg@2480s[HIGH:94.9]|M078bAYBc-E_05__p1_tr.jpg@2600s[HIGH:92.0]|M078bAYBc-E_05__p2_bl.jpg@2720s[HIGH:89.5]
M078bAYBc-E-PB7-005,M078bAYBc-E,3337.0,READY,M078bAYBc-E_06__p3_br.jpg,3280,57,HIGH,M078bAYBc-E_05__p1_tr.jpg@2600s[HIGH:92.0]|M078bAYBc-E_05__p2_bl.jpg@2720s[HIGH:89.5]|M078bAYBc-E_06__p2_bl.jpg@3180s[LOW:0.0]|M078bAYBc-E_06__p3_br.jpg@3280s[HIGH:95.2]
NPUPkMWzKTE-PB7-001,NPUPkMWzKTE,382.0,READY,NPUPkMWzKTE_00__p2_bl.jpg,300,82,MEDIUM,NPUPkMWzKTE_00__p0_tl.jpg@0s[PIPELINE_GUARANTEED:100.0]|NPUPkMWzKTE_00__p1_tr.jpg@180s[HIGH:83.2]|NPUPkMWzKTE_00__p2_bl.jpg@300s[MEDIUM:52.4]
NPUPkMWzKTE-PB7-002,NPUPkMWzKTE,900.0,READY,NPUPkMWzKTE_01__p2_bl.jpg,760,140,HIGH,NPUPkMWzKTE_00__p3_br.jpg@400s[HIGH:94.7]|NPUPkMWzKTE_01__p0_tl.jpg@520s[HIGH:88.3]|NPUPkMWzKTE_01__p1_tr.jpg@640s[HIGH:95.7]|NPUPkMWzKTE_01__p2_bl.jpg@760s[HIGH:93.8]
NPUPkMWzKTE-PB7-003,NPUPkMWzKTE,1000.0,READY,NPUPkMWzKTE_01__p3_br.jpg,900,100,HIGH,NPUPkMWzKTE_01__p0_tl.jpg@520s[HIGH:88.3]|NPUPkMWzKTE_01__p1_tr.jpg@640s[HIGH:95.7]|NPUPkMWzKTE_01__p2_bl.jpg@760s[HIGH:93.8]|NPUPkMWzKTE_01__p3_br.jpg@900s[HIGH:95.9]
NPUPkMWzKTE-PB7-004,NPUPkMWzKTE,1856.0,READY,NPUPkMWzKTE_03__p2_bl.jpg,1740,116,MEDIUM,NPUPkMWzKTE_02__p3_br.jpg@1420s[HIGH:94.2]|NPUPkMWzKTE_03__p0_tl.jpg@1540s[HIGH:94.2]|NPUPkMWzKTE_03__p1_tr.jpg@1640s[MEDIUM:61.7]|NPUPkMWzKTE_03__p2_bl.jpg@1740s[MEDIUM:73.9]
NPUPkMWzKTE-PB7-005,NPUPkMWzKTE,2340.0,READY,NPUPkMWzKTE_04__p1_tr.jpg,2140,200,HIGH,NPUPkMWzKTE_03__p2_bl.jpg@1740s[MEDIUM:73.9]|NPUPkMWzKTE_03__p3_br.jpg@1900s[HIGH:93.6]|NPUPkMWzKTE_04__p0_tl.jpg@2020s[HIGH:95.2]|NPUPkMWzKTE_04__p1_tr.jpg@2140s[HIGH:94.2]
NPUPkMWzKTE-PB7-006,NPUPkMWzKTE,2900.0,READY,NPUPkMWzKTE_05__p2_bl.jpg,2800,100,HIGH,NPUPkMWzKTE_04__p3_br.jpg@2460s[HIGH:95.6]|NPUPkMWzKTE_05__p0_tl.jpg@2560s[MEDIUM:79.9]|NPUPkMWzKTE_05__p1_tr.jpg@2680s[HIGH:92.0]|NPUPkMWzKTE_05__p2_bl.jpg@2800s[HIGH:89.7]
E2Vu2bndWRc-PB8-001,E2Vu2bndWRc,74.0,READY,E2Vu2bndWRc_00__p0_tl.jpg,0,74,PIPELINE_GUARANTEED,E2Vu2bndWRc_00__p0_tl.jpg@0s[PIPELINE_GUARANTEED:100.0]
E2Vu2bndWRc-PB8-002,E2Vu2bndWRc,353.0,READY,E2Vu2bndWRc_00__p2_bl.jpg,220,133,HIGH,E2Vu2bndWRc_00__p0_tl.jpg@0s[PIPELINE_GUARANTEED:100.0]|E2Vu2bndWRc_00__p1_tr.jpg@120s[HIGH:93.4]|E2Vu2bndWRc_00__p2_bl.jpg@220s[HIGH:96.3]
E2Vu2bndWRc-PB8-003,E2Vu2bndWRc,1144.0,READY,E2Vu2bndWRc_02__p2_bl.jpg,1040,104,HIGH,E2Vu2bndWRc_01__p3_br.jpg@740s[HIGH:95.7]|E2Vu2bndWRc_02__p0_tl.jpg@840s[HIGH:96.4]|E2Vu2bndWRc_02__p1_tr.jpg@920s[HIGH:94.7]|E2Vu2bndWRc_02__p2_bl.jpg@1040s[HIGH:96.1]
E2Vu2bndWRc-PB8-004,E2Vu2bndWRc,1208.0,READY,E2Vu2bndWRc_02__p3_br.jpg,1160,48,HIGH,E2Vu2bndWRc_02__p0_tl.jpg@840s[HIGH:96.4]|E2Vu2bndWRc_02__p1_tr.jpg@920s[HIGH:94.7]|E2Vu2bndWRc_02__p2_bl.jpg@1040s[HIGH:96.1]|E2Vu2bndWRc_02__p3_br.jpg@1160s[HIGH:95.1]
E2Vu2bndWRc-PB8-005,E2Vu2bndWRc,1588.0,READY,E2Vu2bndWRc_03__p3_br.jpg,1540,48,HIGH,E2Vu2bndWRc_03__p0_tl.jpg@1240s[HIGH:96.5]|E2Vu2bndWRc_03__p1_tr.jpg@1340s[HIGH:93.2]|E2Vu2bndWRc_03__p2_bl.jpg@1440s[HIGH:89.0]|E2Vu2bndWRc_03__p3_br.jpg@1540s[HIGH:95.4]
E2Vu2bndWRc-PB8-006,E2Vu2bndWRc,2436.0,READY,E2Vu2bndWRc_05__p0_tl.jpg,2260,176,HIGH,E2Vu2bndWRc_04__p1_tr.jpg@1840s[HIGH:96.5]|E2Vu2bndWRc_04__p2_bl.jpg@2060s[HIGH:90.4]|E2Vu2bndWRc_04__p3_br.jpg@2160s[HIGH:96.7]|E2Vu2bndWRc_05__p0_tl.jpg@2260s[HIGH:96.7]
mGJ4dtVjlxE-PB8-001,mGJ4dtVjlxE,560.0,READY,mGJ4dtVjlxE_01__p0_tl.jpg,440,120,HIGH,mGJ4dtVjlxE_00__p1_tr.jpg@140s[HIGH:94.2]|mGJ4dtVjlxE_00__p2_bl.jpg@220s[HIGH:96.5]|mGJ4dtVjlxE_00__p3_br.jpg@340s[HIGH:96.4]|mGJ4dtVjlxE_01__p0_tl.jpg@440s[HIGH:86.1]
mGJ4dtVjlxE-PB8-002,mGJ4dtVjlxE,1859.0,READY,mGJ4dtVjlxE_03__p2_bl.jpg,1680,179,HIGH,mGJ4dtVjlxE_02__p3_br.jpg@1300s[HIGH:94.0]|mGJ4dtVjlxE_03__p0_tl.jpg@1460s[HIGH:95.4]|mGJ4dtVjlxE_03__p1_tr.jpg@1600s[HIGH:96.1]|mGJ4dtVjlxE_03__p2_bl.jpg@1680s[HIGH:85.5]
mGJ4dtVjlxE-PB8-003,mGJ4dtVjlxE,2285.0,READY,mGJ4dtVjlxE_04__p2_bl.jpg,2240,45,HIGH,mGJ4dtVjlxE_03__p3_br.jpg@1860s[HIGH:93.4]|mGJ4dtVjlxE_04__p0_tl.jpg@1980s[HIGH:96.6]|mGJ4dtVjlxE_04__p1_tr.jpg@2080s[HIGH:96.6]|mGJ4dtVjlxE_04__p2_bl.jpg@2240s[HIGH:95.2]
mGJ4dtVjlxE-PB8-004,mGJ4dtVjlxE,2603.0,READY,mGJ4dtVjlxE_05__p0_tl.jpg,2500,103,LOW,mGJ4dtVjlxE_04__p1_tr.jpg@2080s[HIGH:96.6]|mGJ4dtVjlxE_04__p2_bl.jpg@2240s[HIGH:95.2]|mGJ4dtVjlxE_04__p3_br.jpg@2340s[HIGH:96.4]|mGJ4dtVjlxE_05__p0_tl.jpg@2500s[LOW:45.6]
9d7IHhIAi6M-PB8-001,9d7IHhIAi6M,266.0,READY,9d7IHhIAi6M_00__p1_tr.jpg,220,46,HIGH,9d7IHhIAi6M_00__p0_tl.jpg@0s[PIPELINE_GUARANTEED:100.0]|9d7IHhIAi6M_00__p1_tr.jpg@220s[HIGH:96.5]
9d7IHhIAi6M-PB8-002,9d7IHhIAi6M,824.0,READY,9d7IHhIAi6M_01__p1_tr.jpg,720,104,HIGH,9d7IHhIAi6M_00__p2_bl.jpg@320s[HIGH:96.3]|9d7IHhIAi6M_00__p3_br.jpg@440s[HIGH:86.9]|9d7IHhIAi6M_01__p0_tl.jpg@600s[HIGH:96.1]|9d7IHhIAi6M_01__p1_tr.jpg@720s[HIGH:96.2]
9d7IHhIAi6M-PB8-003,9d7IHhIAi6M,1174.0,READY,9d7IHhIAi6M_02__p0_tl.jpg,1040,134,HIGH,9d7IHhIAi6M_01__p1_tr.jpg@720s[HIGH:96.2]|9d7IHhIAi6M_01__p2_bl.jpg@820s[HIGH:95.7]|9d7IHhIAi6M_01__p3_br.jpg@940s[HIGH:95.2]|9d7IHhIAi6M_02__p0_tl.jpg@1040s[HIGH:95.3]
9d7IHhIAi6M-PB8-004,9d7IHhIAi6M,1867.0,READY,9d7IHhIAi6M_03__p2_bl.jpg,1800,67,HIGH,9d7IHhIAi6M_02__p3_br.jpg@1440s[HIGH:88.5]|9d7IHhIAi6M_03__p0_tl.jpg@1560s[HIGH:95.9]|9d7IHhIAi6M_03__p1_tr.jpg@1680s[HIGH:95.3]|9d7IHhIAi6M_03__p2_bl.jpg@1800s[HIGH:96.3]
9d7IHhIAi6M-PB8-005,9d7IHhIAi6M,3011.0,READY,9d7IHhIAi6M_05__p2_bl.jpg,2880,131,HIGH,9d7IHhIAi6M_04__p3_br.jpg@2400s[HIGH:96.6]|9d7IHhIAi6M_05__p0_tl.jpg@2500s[LOW:43.7]|9d7IHhIAi6M_05__p1_tr.jpg@2620s[LOW:0.0]|9d7IHhIAi6M_05__p2_bl.jpg@2880s[HIGH:92.0]
CqEhHmcjeyQ-PB8-001,CqEhHmcjeyQ,519.0,READY,CqEhHmcjeyQ_00__p1_tr.jpg,300,219,HIGH,CqEhHmcjeyQ_00__p0_tl.jpg@0s[PIPELINE_GUARANTEED:100.0]|CqEhHmcjeyQ_00__p1_tr.jpg@300s[HIGH:95.7]
CqEhHmcjeyQ-PB8-002,CqEhHmcjeyQ,1570.0,READY,CqEhHmcjeyQ_02__p2_bl.jpg,1540,30,HIGH,CqEhHmcjeyQ_01__p3_br.jpg@1180s[HIGH:95.8]|CqEhHmcjeyQ_02__p0_tl.jpg@1340s[HIGH:93.2]|CqEhHmcjeyQ_02__p1_tr.jpg@1440s[HIGH:95.6]|CqEhHmcjeyQ_02__p2_bl.jpg@1540s[HIGH:96.2]
CqEhHmcjeyQ-PB8-003,CqEhHmcjeyQ,2700.0,READY,CqEhHmcjeyQ_05__p0_tl.jpg,2600,100,LOW,CqEhHmcjeyQ_04__p1_tr.jpg@2220s[HIGH:96.5]|CqEhHmcjeyQ_04__p2_bl.jpg@2300s[HIGH:92.6]|CqEhHmcjeyQ_04__p3_br.jpg@2400s[HIGH:96.2]|CqEhHmcjeyQ_05__p0_tl.jpg@2600s[LOW:0.0]
CqEhHmcjeyQ-PB8-004,CqEhHmcjeyQ,4259.0,READY,CqEhHmcjeyQ_08__p2_bl.jpg,4220,39,MEDIUM,CqEhHmcjeyQ_07__p3_br.jpg@3940s[HIGH:96.9]|CqEhHmcjeyQ_08__p0_tl.jpg@4020s[HIGH:96.1]|CqEhHmcjeyQ_08__p1_tr.jpg@4120s[MEDIUM:72.0]|CqEhHmcjeyQ_08__p2_bl.jpg@4220s[MEDIUM:68.6]