decision_event_id,stream_id,stream_date,pre_entry_decision,gate_location_not_reached,gate_middle,gate_chasing,gate_no_logical_stop,gate_confirmation_failed,gate_required_close_pending,any_phase1_hard_gate,evidence_confidence
EOBnMz2Y_9k-PE-001,EOBnMz2Y_9k,2026-09-30,NO_TRADE,0,0,0,0,0,0,0,medium
EOBnMz2Y_9k-PE-002,EOBnMz2Y_9k,2026-09-30,WAIT,1,0,0,0,0,0,1,medium
EOBnMz2Y_9k-PE-003,EOBnMz2Y_9k,2026-09-30,WAIT,1,0,0,0,0,0,1,medium
EOBnMz2Y_9k-PE-004,EOBnMz2Y_9k,2026-09-30,NO_TRADE,0,0,0,0,0,0,0,medium
EOBnMz2Y_9k-PE-005,EOBnMz2Y_9k,2026-09-30,WAIT,0,0,0,0,0,0,0,low
EOBnMz2Y_9k-PE-006,EOBnMz2Y_9k,2026-09-30,TRADE_SHORT,0,0,0,0,0,0,0,medium
EOBnMz2Y_9k-PE-007,EOBnMz2Y_9k,2026-09-30,WAIT,0,0,0,0,0,1,1,medium
EOBnMz2Y_9k-PE-008,EOBnMz2Y_9k,2026-09-30,TRADE_SHORT,0,0,0,0,0,0,0,medium
EOBnMz2Y_9k-PE-009,EOBnMz2Y_9k,2026-09-30,NO_TRADE,0,0,0,0,1,0,1,medium
CPGcMydNbbQ-PE-001,CPGcMydNbbQ,2026-09-29,WAIT,0,0,0,0,0,1,1,medium
CPGcMydNbbQ-PE-002,CPGcMydNbbQ,2026-09-29,TRADE_SHORT,0,0,0,0,0,0,0,medium
CPGcMydNbbQ-PE-003,CPGcMydNbbQ,2026-09-29,WAIT,0,0,0,0,0,0,0,medium
CPGcMydNbbQ-PE-004,CPGcMydNbbQ,2026-09-29,TRADE_SHORT,0,0,0,0,0,0,0,medium
CPGcMydNbbQ-PE-005,CPGcMydNbbQ,2026-09-29,NO_TRADE,0,0,1,0,0,0,1,medium
CPGcMydNbbQ-PE-006,CPGcMydNbbQ,2026-09-29,TRADE_SHORT,0,0,0,0,0,0,0,medium
CPGcMydNbbQ-PE-007,CPGcMydNbbQ,2026-09-29,WAIT,1,0,0,0,0,0,1,medium
CPGcMydNbbQ-PE-008,CPGcMydNbbQ,2026-09-29,NO_TRADE,0,0,0,0,0,0,0,medium
CPGcMydNbbQ-PE-009,CPGcMydNbbQ,2026-09-29,TRADE_SHORT,0,0,0,0,0,0,0,medium
CPGcMydNbbQ-PE-010,CPGcMydNbbQ,2026-09-29,WAIT,1,0,0,0,0,0,1,medium
CPGcMydNbbQ-PE-011,CPGcMydNbbQ,2026-09-29,TRADE_SHORT,0,0,0,0,0,0,0,medium
CPGcMydNbbQ-PE-012,CPGcMydNbbQ,2026-09-29,NO_TRADE,0,0,0,0,1,0,1,medium
CPGcMydNbbQ-PE-013,CPGcMydNbbQ,2026-09-29,NO_TRADE,0,0,0,0,0,0,0,medium
WUblCihXgPU-PE-001,WUblCihXgPU,2026-09-28,NO_TRADE,0,0,1,0,0,0,1,medium
WUblCihXgPU-PE-002,WUblCihXgPU,2026-09-28,NO_TRADE,0,0,0,0,0,0,0,medium
WUblCihXgPU-PE-003,WUblCihXgPU,2026-09-28,NO_TRADE,1,1,0,0,0,0,1,medium
WUblCihXgPU-PE-004,WUblCihXgPU,2026-09-28,NO_TRADE,1,1,0,0,0,0,1,medium
WUblCihXgPU-PE-005,WUblCihXgPU,2026-09-28,WAIT,1,0,0,0,0,0,1,medium
WUblCihXgPU-PE-006,WUblCihXgPU,2026-09-28,NO_TRADE,1,1,0,0,0,0,1,medium
WUblCihXgPU-PE-007,WUblCihXgPU,2026-09-28,WAIT,0,0,0,0,0,1,1,medium
WUblCihXgPU-PE-008,WUblCihXgPU,2026-09-28,TRADE_LONG,0,0,0,0,0,0,0,medium
WUblCihXgPU-PE-009,WUblCihXgPU,2026-09-28,TRADE_LONG,0,0,0,0,0,0,0,medium
WUblCihXgPU-PE-010,WUblCihXgPU,2026-09-28,WAIT,0,0,0,0,0,0,0,medium
WUblCihXgPU-PE-011,WUblCihXgPU,2026-09-28,WAIT,1,0,0,0,0,0,1,medium
WUblCihXgPU-PE-012,WUblCihXgPU,2026-09-28,TRADE_SHORT,0,0,0,0,0,0,0,medium
WUblCihXgPU-PE-013,WUblCihXgPU,2026-09-28,NO_TRADE,0,0,0,0,0,0,0,medium
WUblCihXgPU-PE-014,WUblCihXgPU,2026-09-28,NO_TRADE,0,0,0,0,0,0,0,medium
1E65DgTFxe0-PE-001,1E65DgTFxe0,2026-09-25,TRADE_SHORT,0,0,0,0,0,0,0,medium
1E65DgTFxe0-PE-002,1E65DgTFxe0,2026-09-25,WAIT,1,0,0,0,0,0,1,medium
1E65DgTFxe0-PE-003,1E65DgTFxe0,2026-09-25,NO_TRADE,0,0,1,0,0,0,1,medium
1E65DgTFxe0-PE-004,1E65DgTFxe0,2026-09-25,WAIT,1,0,0,0,0,0,1,medium
1E65DgTFxe0-PE-005,1E65DgTFxe0,2026-09-25,WAIT,0,0,0,0,0,0,0,medium
1E65DgTFxe0-PE-006,1E65DgTFxe0,2026-09-25,TRADE_SHORT,0,0,0,0,0,0,0,medium
1E65DgTFxe0-PE-007,1E65DgTFxe0,2026-09-25,NO_TRADE,0,0,0,0,0,0,0,medium
1E65DgTFxe0-PE-008,1E65DgTFxe0,2026-09-25,WAIT,1,0,0,0,0,0,1,medium
1E65DgTFxe0-PE-009,1E65DgTFxe0,2026-09-25,NO_TRADE,0,0,0,0,0,0,0,medium
1E65DgTFxe0-PE-010,1E65DgTFxe0,2026-09-25,NO_TRADE,0,0,0,0,0,0,0,medium
U5CphnzaXio-PE-001,U5CphnzaXio,2026-09-24,WAIT,1,1,0,0,0,0,1,medium
U5CphnzaXio-PE-002,U5CphnzaXio,2026-09-24,WAIT,0,0,0,0,0,1,1,medium
U5CphnzaXio-PE-003,U5CphnzaXio,2026-09-24,TRADE_SHORT,0,0,0,0,0,0,0,medium
U5CphnzaXio-PE-004,U5CphnzaXio,2026-09-24,NO_TRADE,0,0,0,0,0,0,0,medium
U5CphnzaXio-PE-005,U5CphnzaXio,2026-09-24,NO_TRADE,0,0,0,0,0,0,0,medium
U5CphnzaXio-PE-006,U5CphnzaXio,2026-09-24,TRADE_SHORT,0,0,0,0,0,0,0,low
U5CphnzaXio-PE-007,U5CphnzaXio,2026-09-24,WAIT,0,0,0,0,0,1,1,medium
U5CphnzaXio-PE-008,U5CphnzaXio,2026-09-24,NO_TRADE,0,0,0,0,0,0,0,medium
U5CphnzaXio-PE-009,U5CphnzaXio,2026-09-24,WAIT,0,0,0,0,0,1,1,medium
OpMzvMNNrHM-PE-001,OpMzvMNNrHM,2026-09-23,WAIT,1,0,0,0,0,0,1,medium
OpMzvMNNrHM-PE-002,OpMzvMNNrHM,2026-09-23,TRADE_SHORT,0,0,0,0,0,0,0,medium
OpMzvMNNrHM-PE-003,OpMzvMNNrHM,2026-09-23,TRADE_SHORT,0,0,0,0,0,0,0,medium
OpMzvMNNrHM-PE-004,OpMzvMNNrHM,2026-09-23,NO_TRADE,0,0,1,0,0,0,1,medium
OpMzvMNNrHM-PE-005,OpMzvMNNrHM,2026-09-23,NO_TRADE,0,1,0,0,1,0,1,medium
OpMzvMNNrHM-PE-006,OpMzvMNNrHM,2026-09-23,WAIT,1,0,0,0,0,0,1,medium
OpMzvMNNrHM-PE-007,OpMzvMNNrHM,2026-09-23,NO_TRADE,0,0,0,0,0,0,0,medium
OpMzvMNNrHM-PE-008,OpMzvMNNrHM,2026-09-23,WAIT,0,0,0,0,0,0,0,medium
OpMzvMNNrHM-PE-009,OpMzvMNNrHM,2026-09-23,TRADE_SHORT,0,0,0,0,0,0,0,medium
OpMzvMNNrHM-PE-010,OpMzvMNNrHM,2026-09-23,NO_TRADE,0,0,0,0,0,0,0,medium
qTSedn6hEp8-PE-001,qTSedn6hEp8,2026-09-21,NO_TRADE,0,0,0,0,0,0,0,medium
qTSedn6hEp8-PE-002,qTSedn6hEp8,2026-09-21,WAIT,1,1,0,0,0,0,1,medium
qTSedn6hEp8-PE-003,qTSedn6hEp8,2026-09-21,TRADE_SHORT,0,0,0,0,0,0,0,medium
qTSedn6hEp8-PE-004,qTSedn6hEp8,2026-09-21,NO_TRADE,1,1,0,0,0,0,1,medium
qTSedn6hEp8-PE-005,qTSedn6hEp8,2026-09-21,NO_TRADE,0,0,1,0,0,0,1,medium
qTSedn6hEp8-PE-006,qTSedn6hEp8,2026-09-21,NO_TRADE,0,0,1,0,0,0,1,medium
qTSedn6hEp8-PE-007,qTSedn6hEp8,2026-09-21,WAIT,0,0,0,0,0,0,0,medium
qTSedn6hEp8-PE-008,qTSedn6hEp8,2026-09-21,TRADE_LONG,0,0,0,0,0,0,0,medium
qTSedn6hEp8-PE-009,qTSedn6hEp8,2026-09-21,WAIT,0,0,0,0,0,1,1,medium
qTSedn6hEp8-PE-010,qTSedn6hEp8,2026-09-21,NO_TRADE,0,0,0,0,1,1,1,medium
qTSedn6hEp8-PE-011,qTSedn6hEp8,2026-09-21,TRADE_SHORT,0,0,0,0,0,0,0,medium
qTSedn6hEp8-PE-012,qTSedn6hEp8,2026-09-21,NO_TRADE,1,0,0,0,0,0,1,medium
fkZjFHTg3GY-PE-001,fkZjFHTg3GY,2026-09-18,WAIT,1,0,0,0,0,0,1,medium
fkZjFHTg3GY-PE-002,fkZjFHTg3GY,2026-09-18,NO_TRADE,0,0,1,0,0,0,1,medium
fkZjFHTg3GY-PE-003,fkZjFHTg3GY,2026-09-18,NO_TRADE,0,0,0,0,0,0,0,medium
fkZjFHTg3GY-PE-004,fkZjFHTg3GY,2026-09-18,WAIT,0,0,0,0,0,1,1,medium
fkZjFHTg3GY-PE-005,fkZjFHTg3GY,2026-09-18,NO_TRADE,0,0,0,0,1,0,1,medium
fkZjFHTg3GY-PE-006,fkZjFHTg3GY,2026-09-18,TRADE_LONG,0,0,0,0,0,0,0,medium
fkZjFHTg3GY-PE-007,fkZjFHTg3GY,2026-09-18,NO_TRADE,0,0,0,0,0,0,0,medium
6trb-6A2t6Q-PE-001,6trb-6A2t6Q,2026-09-17,WAIT,0,0,0,0,0,0,0,medium
6trb-6A2t6Q-PE-002,6trb-6A2t6Q,2026-09-17,WAIT,0,0,0,0,0,1,1,medium
6trb-6A2t6Q-PE-003,6trb-6A2t6Q,2026-09-17,WAIT,0,0,0,0,0,1,1,medium
6trb-6A2t6Q-PE-004,6trb-6A2t6Q,2026-09-17,NO_TRADE,0,0,0,0,0,1,1,medium
6trb-6A2t6Q-PE-005,6trb-6A2t6Q,2026-09-17,WAIT,1,0,0,0,0,0,1,medium
6trb-6A2t6Q-PE-006,6trb-6A2t6Q,2026-09-17,NO_TRADE,0,0,0,0,0,0,0,medium
6trb-6A2t6Q-PE-007,6trb-6A2t6Q,2026-09-17,NO_TRADE,0,0,0,0,0,0,0,medium
6trb-6A2t6Q-PE-008,6trb-6A2t6Q,2026-09-17,TRADE_LONG,0,0,0,0,0,0,0,medium
6trb-6A2t6Q-PE-009,6trb-6A2t6Q,2026-09-17,TRADE_LONG,0,0,0,0,0,0,0,medium
6trb-6A2t6Q-PE-010,6trb-6A2t6Q,2026-09-17,WAIT,0,0,0,0,0,0,0,medium
6trb-6A2t6Q-PE-011,6trb-6A2t6Q,2026-09-17,WAIT,0,0,0,0,0,0,0,medium
6trb-6A2t6Q-PE-012,6trb-6A2t6Q,2026-09-17,WAIT,1,0,0,0,0,1,1,medium
6trb-6A2t6Q-PE-013,6trb-6A2t6Q,2026-09-17,TRADE_LONG,0,0,0,0,0,0,0,medium
6trb-6A2t6Q-PE-014,6trb-6A2t6Q,2026-09-17,NO_TRADE,0,0,0,0,1,0,1,medium
y2Oun9g9abk-PE-001,y2Oun9g9abk,2026-09-16,NO_TRADE,0,0,0,0,0,0,0,medium
y2Oun9g9abk-PE-002,y2Oun9g9abk,2026-09-16,NO_TRADE,0,0,0,0,0,0,0,medium
y2Oun9g9abk-PE-003,y2Oun9g9abk,2026-09-16,TRADE_LONG,0,0,0,0,0,0,0,medium
y2Oun9g9abk-PE-004,y2Oun9g9abk,2026-09-16,WAIT,0,0,0,0,0,1,1,medium
y2Oun9g9abk-PE-005,y2Oun9g9abk,2026-09-16,WAIT,0,0,0,0,0,1,1,medium
y2Oun9g9abk-PE-006,y2Oun9g9abk,2026-09-16,NO_TRADE,0,0,0,0,0,0,0,medium
y2Oun9g9abk-PE-007,y2Oun9g9abk,2026-09-16,WAIT,0,0,0,0,0,1,1,medium
y2Oun9g9abk-PE-008,y2Oun9g9abk,2026-09-16,TRADE_SHORT,0,0,0,0,0,0,0,medium
y2Oun9g9abk-PE-009,y2Oun9g9abk,2026-09-16,WAIT,0,0,0,0,0,1,1,medium
yMdyi-c_Jqk-PB-001,yMdyi-c_Jqk,2026-09-16,WAIT,1,0,0,0,0,1,1,medium
yMdyi-c_Jqk-PB-002,yMdyi-c_Jqk,2026-09-16,NO_TRADE,1,0,0,0,0,0,1,medium
_DK9mCSob5o-PB-001,_DK9mCSob5o,2026-09-15,NO_TRADE,0,0,0,0,1,0,1,medium
_DK9mCSob5o-PB-002,_DK9mCSob5o,2026-09-15,TRADE_LONG,0,0,0,0,0,0,0,medium
_DK9mCSob5o-PB-003,_DK9mCSob5o,2026-09-15,WAIT,0,0,0,0,0,0,0,medium
_DK9mCSob5o-PB-004,_DK9mCSob5o,2026-09-15,NO_TRADE,1,1,0,0,0,0,1,medium
_DK9mCSob5o-PB-005,_DK9mCSob5o,2026-09-15,TRADE_LONG,0,0,0,0,0,0,0,medium
_DK9mCSob5o-PB-006,_DK9mCSob5o,2026-09-15,WAIT,0,0,0,0,0,1,1,medium
_DK9mCSob5o-PB-007,_DK9mCSob5o,2026-09-15,WAIT,1,1,0,0,0,0,1,medium
_DK9mCSob5o-PB-008,_DK9mCSob5o,2026-09-15,WAIT,0,0,0,0,0,0,0,medium
_DK9mCSob5o-PB-009,_DK9mCSob5o,2026-09-15,WAIT,1,0,0,0,0,0,1,medium
_DK9mCSob5o-PB-010,_DK9mCSob5o,2026-09-15,TRADE_SHORT,0,0,0,0,0,0,0,low
_DK9mCSob5o-PB-011,_DK9mCSob5o,2026-09-15,TRADE_SHORT,0,0,0,0,0,0,0,medium
_DK9mCSob5o-PB-012,_DK9mCSob5o,2026-09-15,NO_TRADE,1,1,0,0,0,0,1,medium
_DK9mCSob5o-PB-013,_DK9mCSob5o,2026-09-15,WAIT,0,0,0,0,0,1,1,medium
_DK9mCSob5o-PB-014,_DK9mCSob5o,2026-09-15,WAIT,1,0,0,0,0,0,1,medium
C18mm9p2oW4-PB-001,C18mm9p2oW4,2026-09-14,WAIT,1,0,0,0,0,0,1,medium
C18mm9p2oW4-PB-002,C18mm9p2oW4,2026-09-14,WAIT,1,0,0,0,0,0,1,medium
C18mm9p2oW4-PB-003,C18mm9p2oW4,2026-09-14,NO_TRADE,1,0,0,0,0,0,1,medium
C18mm9p2oW4-PB-004,C18mm9p2oW4,2026-09-14,TRADE_SHORT,0,0,0,0,0,0,0,medium
C18mm9p2oW4-PB-005,C18mm9p2oW4,2026-09-14,TRADE_SHORT,0,0,0,0,0,0,0,medium
C18mm9p2oW4-PB-006,C18mm9p2oW4,2026-09-14,WAIT,0,0,0,0,0,0,0,medium
C18mm9p2oW4-PB-007,C18mm9p2oW4,2026-09-14,TRADE_LONG,0,0,0,0,0,0,0,medium
C18mm9p2oW4-PB-008,C18mm9p2oW4,2026-09-14,WAIT,0,0,0,0,0,0,0,medium
C18mm9p2oW4-PB-009,C18mm9p2oW4,2026-09-14,WAIT,0,0,0,0,0,0,0,medium
B83jlxwuo10-PB-001,B83jlxwuo10,2026-09-04,TRADE_LONG,0,0,0,0,0,0,0,medium
B83jlxwuo10-PB-002,B83jlxwuo10,2026-09-04,NO_TRADE,0,0,0,0,1,0,1,medium
B83jlxwuo10-PB-003,B83jlxwuo10,2026-09-04,NO_TRADE,0,0,0,0,0,0,0,medium
B83jlxwuo10-PB-004,B83jlxwuo10,2026-09-04,TRADE_SHORT,0,0,0,0,0,0,0,medium
B83jlxwuo10-PB-005,B83jlxwuo10,2026-09-04,TRADE_SHORT,0,0,0,0,0,0,0,low
B83jlxwuo10-PB-006,B83jlxwuo10,2026-09-04,TRADE_SHORT,0,0,0,0,0,0,0,medium
B83jlxwuo10-PB-007,B83jlxwuo10,2026-09-04,WAIT,0,0,0,0,0,0,0,medium
B83jlxwuo10-PB-008,B83jlxwuo10,2026-09-04,TRADE_SHORT,0,0,0,0,0,0,0,medium
B83jlxwuo10-PB-009,B83jlxwuo10,2026-09-04,NO_TRADE,0,0,0,0,0,0,0,medium
CKTqdFza1HE-PB2-001,CKTqdFza1HE,2026-09-02,WAIT,1,0,0,0,0,0,1,medium
CKTqdFza1HE-PB2-002,CKTqdFza1HE,2026-09-02,WAIT,1,0,0,0,0,1,1,medium
CKTqdFza1HE-PB2-003,CKTqdFza1HE,2026-09-02,NO_TRADE,0,0,0,0,0,0,0,medium
CKTqdFza1HE-PB2-004,CKTqdFza1HE,2026-09-02,NO_TRADE,0,0,0,0,0,0,0,medium
CKTqdFza1HE-PB2-005,CKTqdFza1HE,2026-09-02,WAIT,1,0,0,0,0,0,1,medium
CKTqdFza1HE-PB2-006,CKTqdFza1HE,2026-09-02,WAIT,0,0,0,0,0,1,1,medium
CKTqdFza1HE-PB2-007,CKTqdFza1HE,2026-09-02,TRADE_LONG,0,0,0,0,0,0,0,medium
CKTqdFza1HE-PB2-008,CKTqdFza1HE,2026-09-02,TRADE_LONG,0,0,0,0,0,0,0,medium
CKTqdFza1HE-PB2-009,CKTqdFza1HE,2026-09-02,WAIT,0,0,0,0,0,1,1,medium
CKTqdFza1HE-PB2-010,CKTqdFza1HE,2026-09-02,TRADE_LONG,0,0,0,0,0,0,0,medium
q6wgyFyzIs0-PB2-001,q6wgyFyzIs0,2026-08-31,WAIT,1,0,0,0,0,0,1,medium
q6wgyFyzIs0-PB2-002,q6wgyFyzIs0,2026-08-31,WAIT,0,0,0,0,0,1,1,medium
q6wgyFyzIs0-PB2-003,q6wgyFyzIs0,2026-08-31,NO_TRADE,1,1,0,0,0,0,1,medium
q6wgyFyzIs0-PB2-004,q6wgyFyzIs0,2026-08-31,NO_TRADE,0,0,0,0,0,0,0,medium
q6wgyFyzIs0-PB2-005,q6wgyFyzIs0,2026-08-31,TRADE_SHORT,0,0,0,0,0,0,0,medium
q6wgyFyzIs0-PB2-006,q6wgyFyzIs0,2026-08-31,TRADE_SHORT,0,0,0,0,0,0,0,medium
q6wgyFyzIs0-PB2-007,q6wgyFyzIs0,2026-08-31,WAIT,0,0,0,0,0,1,1,medium
q6wgyFyzIs0-PB2-008,q6wgyFyzIs0,2026-08-31,WAIT,0,0,0,0,0,0,0,medium
q6wgyFyzIs0-PB2-009,q6wgyFyzIs0,2026-08-31,TRADE_SHORT,0,0,0,0,0,0,0,medium
q6wgyFyzIs0-PB2-010,q6wgyFyzIs0,2026-08-31,WAIT,0,0,0,0,0,0,0,medium
q6wgyFyzIs0-PB2-011,q6wgyFyzIs0,2026-08-31,NO_TRADE,0,0,1,0,0,0,1,medium
u7KGSeF2lA0-PB2-001,u7KGSeF2lA0,2026-08-28,NO_TRADE,0,0,0,0,1,0,1,medium
u7KGSeF2lA0-PB2-002,u7KGSeF2lA0,2026-08-28,WAIT,0,0,0,0,0,0,0,medium
u7KGSeF2lA0-PB2-003,u7KGSeF2lA0,2026-08-28,TRADE_LONG,0,0,0,0,0,0,0,medium
u7KGSeF2lA0-PB2-004,u7KGSeF2lA0,2026-08-28,NO_TRADE,0,0,0,0,0,0,0,medium
u7KGSeF2lA0-PB2-005,u7KGSeF2lA0,2026-08-28,NO_TRADE,0,0,1,0,0,0,1,medium
u7KGSeF2lA0-PB2-006,u7KGSeF2lA0,2026-08-28,WAIT,0,0,0,0,0,0,0,medium
u7KGSeF2lA0-PB2-007,u7KGSeF2lA0,2026-08-28,TRADE_LONG,0,0,0,0,0,0,0,medium
u7KGSeF2lA0-PB2-008,u7KGSeF2lA0,2026-08-28,TRADE_SHORT,0,0,0,0,0,0,0,medium
u7KGSeF2lA0-PB2-009,u7KGSeF2lA0,2026-08-28,NO_TRADE,0,0,0,0,0,0,0,medium
u7KGSeF2lA0-PB2-010,u7KGSeF2lA0,2026-08-28,NO_TRADE,0,0,0,0,0,0,0,medium
IQ4J5GJJK5Q-PB2-001,IQ4J5GJJK5Q,2026-08-17,TRADE_SHORT,0,0,0,0,0,0,0,medium
IQ4J5GJJK5Q-PB2-002,IQ4J5GJJK5Q,2026-08-17,WAIT,0,0,0,0,0,1,1,medium
IQ4J5GJJK5Q-PB2-003,IQ4J5GJJK5Q,2026-08-17,NO_TRADE,1,0,1,0,0,0,1,medium
IQ4J5GJJK5Q-PB2-004,IQ4J5GJJK5Q,2026-08-17,TRADE_SHORT,0,0,0,0,0,0,0,medium
IQ4J5GJJK5Q-PB2-005,IQ4J5GJJK5Q,2026-08-17,WAIT,0,0,0,0,0,1,1,medium
IQ4J5GJJK5Q-PB2-006,IQ4J5GJJK5Q,2026-08-17,WAIT,1,0,0,0,0,0,1,medium
JJOGnPBF67I-PB3-001,JJOGnPBF67I,2026-08-17,TRADE_SHORT,0,0,0,0,0,0,0,low
JJOGnPBF67I-PB3-002,JJOGnPBF67I,2026-08-17,WAIT,0,0,0,0,0,1,1,low
JJOGnPBF67I-PB3-003,JJOGnPBF67I,2026-08-17,TRADE_LONG,0,0,0,0,0,0,0,low
W2oZdVu2rxE-PB3-001,W2oZdVu2rxE,2026-08-13,WAIT,0,0,0,0,0,0,0,medium
W2oZdVu2rxE-PB3-002,W2oZdVu2rxE,2026-08-13,WAIT,0,0,0,0,0,1,1,medium
W2oZdVu2rxE-PB3-003,W2oZdVu2rxE,2026-08-13,TRADE_LONG,0,0,0,0,0,0,0,medium
W2oZdVu2rxE-PB3-004,W2oZdVu2rxE,2026-08-13,WAIT,0,0,0,0,0,0,0,medium
W2oZdVu2rxE-PB3-005,W2oZdVu2rxE,2026-08-13,TRADE_LONG,0,0,0,0,0,0,0,medium
W2oZdVu2rxE-PB3-006,W2oZdVu2rxE,2026-08-13,WAIT,0,0,0,0,0,0,0,medium
W2oZdVu2rxE-PB3-007,W2oZdVu2rxE,2026-08-13,WAIT,0,0,0,0,0,1,1,medium
W2oZdVu2rxE-PB3-008,W2oZdVu2rxE,2026-08-13,NO_TRADE,0,0,0,0,1,0,1,medium
W2oZdVu2rxE-PB3-009,W2oZdVu2rxE,2026-08-13,NO_TRADE,0,0,0,0,0,0,0,medium
NIDMLJuBPwk-PB3-001,NIDMLJuBPwk,2026-08-07,NO_TRADE,0,0,0,0,0,0,0,medium
NIDMLJuBPwk-PB3-002,NIDMLJuBPwk,2026-08-07,WAIT,0,0,0,0,0,0,0,medium
NIDMLJuBPwk-PB3-003,NIDMLJuBPwk,2026-08-07,TRADE_LONG,0,0,0,0,0,0,0,low
NIDMLJuBPwk-PB3-004,NIDMLJuBPwk,2026-08-07,WAIT,0,0,0,0,0,1,1,medium
NIDMLJuBPwk-PB3-005,NIDMLJuBPwk,2026-08-07,WAIT,1,0,0,0,0,0,1,medium
NIDMLJuBPwk-PB3-006,NIDMLJuBPwk,2026-08-07,WAIT,0,0,0,0,0,0,0,medium
NIDMLJuBPwk-PB3-007,NIDMLJuBPwk,2026-08-07,WAIT,1,0,0,0,0,0,1,medium
NIDMLJuBPwk-PB3-008,NIDMLJuBPwk,2026-08-07,TRADE_LONG,0,0,0,0,0,0,0,medium
NIDMLJuBPwk-PB3-009,NIDMLJuBPwk,2026-08-07,NO_TRADE,0,0,0,0,0,0,0,medium
ldrw26fGZOE-PB3-001,ldrw26fGZOE,2026-08-06,TRADE_SHORT,0,0,0,0,0,0,0,medium
ldrw26fGZOE-PB3-002,ldrw26fGZOE,2026-08-06,NO_TRADE,1,0,1,0,0,0,1,medium
ldrw26fGZOE-PB3-003,ldrw26fGZOE,2026-08-06,WAIT,1,0,0,0,0,0,1,medium
ldrw26fGZOE-PB3-004,ldrw26fGZOE,2026-08-06,NO_TRADE,1,0,0,0,0,0,1,medium
ldrw26fGZOE-PB3-005,ldrw26fGZOE,2026-08-06,TRADE_SHORT,0,0,0,0,0,0,0,medium
ldrw26fGZOE-PB3-006,ldrw26fGZOE,2026-08-06,TRADE_LONG,0,0,0,0,0,0,0,medium
ldrw26fGZOE-PB3-007,ldrw26fGZOE,2026-08-06,NO_TRADE,0,0,0,0,0,0,0,medium
ldrw26fGZOE-PB3-008,ldrw26fGZOE,2026-08-06,NO_TRADE,0,0,0,0,0,0,0,medium
ldrw26fGZOE-PB3-009,ldrw26fGZOE,2026-08-06,TRADE_LONG,0,0,0,0,0,0,0,medium
ldrw26fGZOE-PB3-010,ldrw26fGZOE,2026-08-06,NO_TRADE,0,0,0,0,0,0,0,medium
gfP4EW1IfVE-PB4-001,gfP4EW1IfVE,2026-08-06,WAIT,1,1,0,0,0,0,1,medium
gfP4EW1IfVE-PB4-002,gfP4EW1IfVE,2026-08-06,WAIT,0,0,0,0,0,1,1,medium
gfP4EW1IfVE-PB4-003,gfP4EW1IfVE,2026-08-06,NO_TRADE,1,0,0,0,0,0,1,medium
gfP4EW1IfVE-PB4-004,gfP4EW1IfVE,2026-08-06,TRADE_SHORT,0,0,0,0,0,0,0,medium
gfP4EW1IfVE-PB4-005,gfP4EW1IfVE,2026-08-06,WAIT,0,0,0,0,0,1,1,medium
gfP4EW1IfVE-PB4-006,gfP4EW1IfVE,2026-08-06,TRADE_SHORT,0,0,0,0,0,0,0,medium
gfP4EW1IfVE-PB4-007,gfP4EW1IfVE,2026-08-06,WAIT,1,0,0,0,0,0,1,medium
OCBsHuFhjUQ-PB4-001,OCBsHuFhjUQ,2026-08-05,TRADE_SHORT,0,0,0,0,0,0,0,medium
OCBsHuFhjUQ-PB4-002,OCBsHuFhjUQ,2026-08-05,TRADE_SHORT,0,0,0,0,0,0,0,medium
OCBsHuFhjUQ-PB4-003,OCBsHuFhjUQ,2026-08-05,NO_TRADE,0,0,0,0,1,0,1,medium
OCBsHuFhjUQ-PB4-004,OCBsHuFhjUQ,2026-08-05,NO_TRADE,0,0,0,0,0,0,0,medium
OCBsHuFhjUQ-PB4-005,OCBsHuFhjUQ,2026-08-05,WAIT,0,0,0,0,0,0,0,medium
OCBsHuFhjUQ-PB4-006,OCBsHuFhjUQ,2026-08-05,TRADE_LONG,0,0,0,0,0,0,0,medium
OCBsHuFhjUQ-PB4-007,OCBsHuFhjUQ,2026-08-05,WAIT,1,0,0,0,0,0,1,medium
OCBsHuFhjUQ-PB4-008,OCBsHuFhjUQ,2026-08-05,NO_TRADE,1,0,0,0,0,0,1,medium
OCBsHuFhjUQ-PB4-009,OCBsHuFhjUQ,2026-08-05,NO_TRADE,0,0,0,0,0,0,0,medium
OCBsHuFhjUQ-PB4-010,OCBsHuFhjUQ,2026-08-05,TRADE_SHORT,0,0,0,0,0,0,0,low
OCBsHuFhjUQ-PB4-011,OCBsHuFhjUQ,2026-08-05,WAIT,1,0,0,0,0,1,1,medium
OCBsHuFhjUQ-PB4-012,OCBsHuFhjUQ,2026-08-05,TRADE_SHORT,0,0,0,0,0,0,0,medium
KsWpzeJhAVk-PB4-001,KsWpzeJhAVk,2026-08-05,WAIT,0,0,0,0,0,0,0,medium
KsWpzeJhAVk-PB4-002,KsWpzeJhAVk,2026-08-05,NO_TRADE,0,0,0,0,0,0,0,medium
KsWpzeJhAVk-PB4-003,KsWpzeJhAVk,2026-08-05,NO_TRADE,0,0,0,0,0,0,0,medium
KsWpzeJhAVk-PB4-004,KsWpzeJhAVk,2026-08-05,WAIT,0,0,0,0,0,0,0,medium
KsWpzeJhAVk-PB4-005,KsWpzeJhAVk,2026-08-05,NO_TRADE,0,0,1,0,0,0,1,medium
KsWpzeJhAVk-PB4-006,KsWpzeJhAVk,2026-08-05,NO_TRADE,0,0,0,0,1,0,1,medium
KsWpzeJhAVk-PB4-007,KsWpzeJhAVk,2026-08-05,WAIT,1,0,0,0,0,0,1,medium
KsWpzeJhAVk-PB4-008,KsWpzeJhAVk,2026-08-05,TRADE_SHORT,0,0,0,0,0,0,0,medium
KsWpzeJhAVk-PB4-009,KsWpzeJhAVk,2026-08-05,TRADE_SHORT,0,0,0,0,0,0,0,medium
EVm0u9Csglk-PB4-001,EVm0u9Csglk,2026-08-04,NO_TRADE,0,0,1,0,0,0,1,medium
EVm0u9Csglk-PB4-002,EVm0u9Csglk,2026-08-04,WAIT,1,0,0,0,0,1,1,medium
EVm0u9Csglk-PB4-003,EVm0u9Csglk,2026-08-04,WAIT,0,0,1,0,0,0,1,medium
EVm0u9Csglk-PB4-004,EVm0u9Csglk,2026-08-04,WAIT,0,0,0,0,0,0,0,medium
EVm0u9Csglk-PB4-005,EVm0u9Csglk,2026-08-04,NO_TRADE,0,0,0,0,0,0,0,medium
EVm0u9Csglk-PB4-006,EVm0u9Csglk,2026-08-04,WAIT,1,0,0,0,0,0,1,medium
EVm0u9Csglk-PB4-007,EVm0u9Csglk,2026-08-04,TRADE_SHORT,0,0,0,0,0,0,0,medium
EVm0u9Csglk-PB4-008,EVm0u9Csglk,2026-08-04,TRADE_SHORT,0,0,0,0,0,0,0,medium
EVm0u9Csglk-PB4-009,EVm0u9Csglk,2026-08-04,NO_TRADE,0,0,0,0,0,0,0,medium
HwXIifB0P6o-PB5-001,HwXIifB0P6o,2026-08-04,NO_TRADE,1,0,1,0,0,0,1,medium
HwXIifB0P6o-PB5-002,HwXIifB0P6o,2026-08-04,NO_TRADE,1,1,0,0,0,0,1,medium
HwXIifB0P6o-PB5-003,HwXIifB0P6o,2026-08-04,WAIT,0,0,0,0,0,1,1,medium
HwXIifB0P6o-PB5-004,HwXIifB0P6o,2026-08-04,WAIT,1,0,0,0,0,0,1,medium
HwXIifB0P6o-PB5-005,HwXIifB0P6o,2026-08-04,TRADE_SHORT,0,0,0,0,0,0,0,medium
HwXIifB0P6o-PB5-006,HwXIifB0P6o,2026-08-04,NO_TRADE,0,0,0,0,0,0,0,medium
HwXIifB0P6o-PB5-007,HwXIifB0P6o,2026-08-04,TRADE_SHORT,0,0,0,0,0,0,0,medium
HwXIifB0P6o-PB5-008,HwXIifB0P6o,2026-08-04,WAIT,1,0,0,0,0,0,1,medium
HOidQitTyAc-PB5-001,HOidQitTyAc,2026-08-03,WAIT,1,0,0,0,0,0,1,medium
HOidQitTyAc-PB5-002,HOidQitTyAc,2026-08-03,TRADE_LONG,0,0,0,0,0,0,0,medium
HOidQitTyAc-PB5-003,HOidQitTyAc,2026-08-03,WAIT,1,0,0,0,0,0,1,medium
HOidQitTyAc-PB5-004,HOidQitTyAc,2026-08-03,NO_TRADE,1,1,0,0,0,0,1,medium
HOidQitTyAc-PB5-005,HOidQitTyAc,2026-08-03,WAIT,1,0,0,0,0,1,1,medium
HOidQitTyAc-PB5-006,HOidQitTyAc,2026-08-03,TRADE_LONG,0,0,0,0,0,0,0,medium
HOidQitTyAc-PB5-007,HOidQitTyAc,2026-08-03,WAIT,1,0,0,0,0,0,1,medium
HOidQitTyAc-PB5-008,HOidQitTyAc,2026-08-03,NO_TRADE,0,0,0,0,0,0,0,medium
HOidQitTyAc-PB5-009,HOidQitTyAc,2026-08-03,TRADE_LONG,0,0,0,0,0,0,0,medium
HOidQitTyAc-PB5-010,HOidQitTyAc,2026-08-03,TRADE_LONG,0,0,0,0,0,0,0,medium
aEw6393GE1c-PB5-001,aEw6393GE1c,2026-08-03,TRADE_LONG,0,0,0,0,0,0,0,medium
aEw6393GE1c-PB5-002,aEw6393GE1c,2026-08-03,NO_TRADE,0,0,1,0,0,0,1,medium
aEw6393GE1c-PB5-003,aEw6393GE1c,2026-08-03,WAIT,1,0,0,0,0,0,1,medium
aEw6393GE1c-PB5-004,aEw6393GE1c,2026-08-03,WAIT,1,0,0,0,0,0,1,medium
aEw6393GE1c-PB5-005,aEw6393GE1c,2026-08-03,WAIT,0,0,0,0,0,1,1,medium
aEw6393GE1c-PB5-006,aEw6393GE1c,2026-08-03,TRADE_SHORT,0,0,0,0,0,0,0,medium
h93tKxejXwQ-PB5-001,h93tKxejXwQ,2026-07-31,TRADE_SHORT,0,0,0,0,0,0,0,medium
h93tKxejXwQ-PB5-002,h93tKxejXwQ,2026-07-31,WAIT,0,0,0,0,0,1,1,medium
h93tKxejXwQ-PB5-003,h93tKxejXwQ,2026-07-31,WAIT,0,0,0,0,0,0,0,medium
h93tKxejXwQ-PB5-004,h93tKxejXwQ,2026-07-31,TRADE_SHORT,0,0,0,0,0,0,0,medium
h93tKxejXwQ-PB5-005,h93tKxejXwQ,2026-07-31,NO_TRADE,1,0,0,0,0,0,1,medium
9D7wgJCdP5c-PB6-001,9D7wgJCdP5c,2026-07-30,NO_TRADE,1,1,0,0,0,0,1,medium
9D7wgJCdP5c-PB6-002,9D7wgJCdP5c,2026-07-30,NO_TRADE,0,0,0,1,0,0,1,medium
9D7wgJCdP5c-PB6-003,9D7wgJCdP5c,2026-07-30,TRADE_SHORT,0,0,0,0,0,0,0,medium
9D7wgJCdP5c-PB6-004,9D7wgJCdP5c,2026-07-30,NO_TRADE,0,0,1,0,0,0,1,medium
9D7wgJCdP5c-PB6-005,9D7wgJCdP5c,2026-07-30,WAIT,0,0,0,0,0,1,1,medium
9D7wgJCdP5c-PB6-006,9D7wgJCdP5c,2026-07-30,TRADE_SHORT,0,0,0,0,0,0,0,medium
9D7wgJCdP5c-PB6-007,9D7wgJCdP5c,2026-07-30,WAIT,1,0,0,0,0,0,1,medium
9D7wgJCdP5c-PB6-008,9D7wgJCdP5c,2026-07-30,TRADE_SHORT,0,0,0,0,0,0,0,medium
9D7wgJCdP5c-PB6-009,9D7wgJCdP5c,2026-07-30,NO_TRADE,0,0,0,0,0,0,0,medium
MbUagftbsIw-PB6-001,MbUagftbsIw,2026-07-29,NO_TRADE,0,0,0,0,0,0,0,medium
MbUagftbsIw-PB6-002,MbUagftbsIw,2026-07-29,WAIT,0,0,0,0,0,0,0,medium
MbUagftbsIw-PB6-003,MbUagftbsIw,2026-07-29,TRADE_LONG,0,0,0,0,0,0,0,medium
MbUagftbsIw-PB6-004,MbUagftbsIw,2026-07-29,WAIT,0,0,0,0,0,0,0,medium
MbUagftbsIw-PB6-005,MbUagftbsIw,2026-07-29,TRADE_LONG,0,0,0,0,0,0,0,low
MbUagftbsIw-PB6-006,MbUagftbsIw,2026-07-29,TRADE_LONG,0,0,0,0,0,0,0,medium
MbUagftbsIw-PB6-007,MbUagftbsIw,2026-07-29,NO_TRADE,0,0,0,0,0,0,0,medium
2c249LLRY_Q-PB6-001,2c249LLRY_Q,2026-07-29,WAIT,1,0,0,0,0,1,1,medium
2c249LLRY_Q-PB6-002,2c249LLRY_Q,2026-07-29,NO_TRADE,0,0,0,0,0,0,0,medium
2c249LLRY_Q-PB6-003,2c249LLRY_Q,2026-07-29,TRADE_SHORT,0,0,0,0,0,0,0,medium
2c249LLRY_Q-PB6-004,2c249LLRY_Q,2026-07-29,WAIT,1,0,0,0,0,0,1,medium
2c249LLRY_Q-PB6-005,2c249LLRY_Q,2026-07-29,NO_TRADE,0,0,0,0,0,0,0,medium
suuicaoUvDQ-PB6-001,suuicaoUvDQ,2026-07-28,TRADE_LONG,0,0,0,0,0,0,0,low
suuicaoUvDQ-PB6-002,suuicaoUvDQ,2026-07-28,WAIT,0,0,0,0,0,1,1,medium
suuicaoUvDQ-PB6-003,suuicaoUvDQ,2026-07-28,TRADE_LONG,0,0,0,0,0,0,0,medium
suuicaoUvDQ-PB6-004,suuicaoUvDQ,2026-07-28,NO_TRADE,0,0,0,0,0,0,0,medium
suuicaoUvDQ-PB6-005,suuicaoUvDQ,2026-07-28,WAIT,1,0,0,0,0,0,1,medium
suuicaoUvDQ-PB6-006,suuicaoUvDQ,2026-07-28,NO_TRADE,1,1,0,0,0,0,1,medium
suuicaoUvDQ-PB6-007,suuicaoUvDQ,2026-07-28,WAIT,1,0,0,0,0,0,1,medium
suuicaoUvDQ-PB6-008,suuicaoUvDQ,2026-07-28,WAIT,1,0,0,0,0,1,1,medium
suuicaoUvDQ-PB6-009,suuicaoUvDQ,2026-07-28,TRADE_LONG,0,0,0,0,0,0,0,low
suuicaoUvDQ-PB6-010,suuicaoUvDQ,2026-07-28,NO_TRADE,0,0,0,0,0,0,0,medium
wQ5uxbmLlM4-PB7-001,wQ5uxbmLlM4,2026-07-27,NO_TRADE,1,1,0,0,0,0,1,medium
wQ5uxbmLlM4-PB7-002,wQ5uxbmLlM4,2026-07-27,TRADE_LONG,0,0,0,0,0,0,0,medium
wQ5uxbmLlM4-PB7-003,wQ5uxbmLlM4,2026-07-27,NO_TRADE,0,0,1,0,0,0,1,medium
wQ5uxbmLlM4-PB7-004,wQ5uxbmLlM4,2026-07-27,WAIT,0,0,0,0,0,1,1,medium
wQ5uxbmLlM4-PB7-005,wQ5uxbmLlM4,2026-07-27,TRADE_LONG,0,0,0,0,0,0,0,medium
m0l1wj9IZ2o-PB7-001,m0l1wj9IZ2o,2026-07-23,WAIT,1,0,0,0,0,0,1,medium
m0l1wj9IZ2o-PB7-002,m0l1wj9IZ2o,2026-07-23,TRADE_SHORT,0,0,0,0,0,0,0,medium
m0l1wj9IZ2o-PB7-003,m0l1wj9IZ2o,2026-07-23,TRADE_SHORT,0,0,0,0,0,0,0,medium
m0l1wj9IZ2o-PB7-004,m0l1wj9IZ2o,2026-07-23,WAIT,1,0,0,0,0,0,1,medium
m0l1wj9IZ2o-PB7-005,m0l1wj9IZ2o,2026-07-23,TRADE_SHORT,0,0,0,0,0,0,0,medium
m0l1wj9IZ2o-PB7-006,m0l1wj9IZ2o,2026-07-23,WAIT,1,0,0,0,0,0,1,medium
M078bAYBc-E-PB7-001,M078bAYBc-E,2026-07-22,WAIT,1,0,0,0,0,0,1,medium
M078bAYBc-E-PB7-002,M078bAYBc-E,2026-07-22,TRADE_LONG,0,0,0,0,0,0,0,medium
M078bAYBc-E-PB7-003,M078bAYBc-E,2026-07-22,WAIT,1,0,0,0,0,0,1,medium
M078bAYBc-E-PB7-004,M078bAYBc-E,2026-07-22,WAIT,1,0,0,0,0,0,1,medium
M078bAYBc-E-PB7-005,M078bAYBc-E,2026-07-22,TRADE_LONG,0,0,0,0,0,0,0,medium
NPUPkMWzKTE-PB7-001,NPUPkMWzKTE,2026-07-21,TRADE_SHORT,0,0,0,0,0,0,0,medium
NPUPkMWzKTE-PB7-002,NPUPkMWzKTE,2026-07-21,WAIT,1,0,0,0,0,0,1,medium
NPUPkMWzKTE-PB7-003,NPUPkMWzKTE,2026-07-21,TRADE_SHORT,0,0,0,0,0,0,0,medium
NPUPkMWzKTE-PB7-004,NPUPkMWzKTE,2026-07-21,NO_TRADE,0,0,0,0,0,0,0,medium
NPUPkMWzKTE-PB7-005,NPUPkMWzKTE,2026-07-21,WAIT,1,0,0,0,0,0,1,medium
NPUPkMWzKTE-PB7-006,NPUPkMWzKTE,2026-07-21,TRADE_SHORT,0,0,0,0,0,0,0,low
E2Vu2bndWRc-PB8-001,E2Vu2bndWRc,2026-07-10,NO_TRADE,0,0,1,0,0,0,1,medium
E2Vu2bndWRc-PB8-002,E2Vu2bndWRc,2026-07-10,TRADE_SHORT,0,0,0,0,0,0,0,medium
E2Vu2bndWRc-PB8-003,E2Vu2bndWRc,2026-07-10,NO_TRADE,0,0,0,0,0,0,0,medium
E2Vu2bndWRc-PB8-004,E2Vu2bndWRc,2026-07-10,TRADE_LONG,0,0,0,0,0,0,0,medium
E2Vu2bndWRc-PB8-005,E2Vu2bndWRc,2026-07-10,NO_TRADE,0,0,0,0,0,0,0,medium
E2Vu2bndWRc-PB8-006,E2Vu2bndWRc,2026-07-10,NO_TRADE,0,0,0,0,0,0,0,medium
mGJ4dtVjlxE-PB8-001,mGJ4dtVjlxE,2026-07-09,TRADE_LONG,0,0,0,0,0,0,0,medium
mGJ4dtVjlxE-PB8-002,mGJ4dtVjlxE,2026-07-09,NO_TRADE,1,1,0,0,1,0,1,medium
mGJ4dtVjlxE-PB8-003,mGJ4dtVjlxE,2026-07-09,WAIT,0,0,0,0,0,0,0,medium
mGJ4dtVjlxE-PB8-004,mGJ4dtVjlxE,2026-07-09,TRADE_LONG,0,0,0,0,0,0,0,medium
9d7IHhIAi6M-PB8-001,9d7IHhIAi6M,2026-07-07,WAIT,0,0,0,0,0,0,0,medium
9d7IHhIAi6M-PB8-002,9d7IHhIAi6M,2026-07-07,NO_TRADE,0,0,0,0,0,0,0,medium
9d7IHhIAi6M-PB8-003,9d7IHhIAi6M,2026-07-07,WAIT,0,0,0,0,0,0,0,medium
9d7IHhIAi6M-PB8-004,9d7IHhIAi6M,2026-07-07,TRADE_LONG,0,0,0,0,0,0,0,medium
9d7IHhIAi6M-PB8-005,9d7IHhIAi6M,2026-07-07,WAIT,1,0,0,0,0,0,1,medium
CqEhHmcjeyQ-PB8-001,CqEhHmcjeyQ,2026-07-06,WAIT,1,0,0,0,0,0,1,medium
CqEhHmcjeyQ-PB8-002,CqEhHmcjeyQ,2026-07-06,TRADE_LONG,0,0,0,0,0,0,0,medium
CqEhHmcjeyQ-PB8-003,CqEhHmcjeyQ,2026-07-06,TRADE_LONG,0,0,0,0,0,0,0,medium
CqEhHmcjeyQ-PB8-004,CqEhHmcjeyQ,2026-07-06,WAIT,0,0,0,0,0,0,0,medium
