decision_event_id,stream_id,event_seconds,packet_class,location_state,directional_context,location_family,interaction_family,confirmation_family,confirmation_state,structural_stop_state,target_path_state,htf_close_state,late_state,direct_branch_eligible,annotation_confidence,unresolved_notes
EOBnMz2Y_9k-PE-001,EOBnMz2Y_9k,1216.0,CORE_254,,,,,,,,,,,,,
EOBnMz2Y_9k-PE-002,EOBnMz2Y_9k,1470.0,CORE_254,,,,,,,,,,,,,
EOBnMz2Y_9k-PE-003,EOBnMz2Y_9k,1788.0,CORE_254,,,,,,,,,,,,,
EOBnMz2Y_9k-PE-004,EOBnMz2Y_9k,1858.0,CORE_254,,,,,,,,,,,,,
EOBnMz2Y_9k-PE-005,EOBnMz2Y_9k,2616.0,CORE_254,,,,,,,,,,,,,
EOBnMz2Y_9k-PE-006,EOBnMz2Y_9k,3003.0,CORE_254,,,,,,,,,,,,,
EOBnMz2Y_9k-PE-007,EOBnMz2Y_9k,3128.0,CORE_254,,,,,,,,,,,,,
EOBnMz2Y_9k-PE-008,EOBnMz2Y_9k,3192.0,CORE_254,,,,,,,,,,,,,
CPGcMydNbbQ-PE-001,CPGcMydNbbQ,259.0,CORE_254,,,,,,,,,,,,,
CPGcMydNbbQ-PE-002,CPGcMydNbbQ,322.0,CORE_254,,,,,,,,,,,,,
CPGcMydNbbQ-PE-003,CPGcMydNbbQ,1220.0,CORE_254,,,,,,,,,,,,,
CPGcMydNbbQ-PE-004,CPGcMydNbbQ,1283.0,CORE_254,,,,,,,,,,,,,
CPGcMydNbbQ-PE-005,CPGcMydNbbQ,1378.0,CORE_254,,,,,,,,,,,,,
CPGcMydNbbQ-PE-006,CPGcMydNbbQ,1662.0,CORE_254,,,,,,,,,,,,,
WUblCihXgPU-PE-001,WUblCihXgPU,82.0,CORE_254,,,,,,,,,,,,,
WUblCihXgPU-PE-002,WUblCihXgPU,307.0,CORE_254,,,,,,,,,,,,,
WUblCihXgPU-PE-003,WUblCihXgPU,480.0,CORE_254,,,,,,,,,,,,,
WUblCihXgPU-PE-005,WUblCihXgPU,1033.0,CORE_254,,,,,,,,,,,,,
WUblCihXgPU-PE-007,WUblCihXgPU,1294.0,CORE_254,,,,,,,,,,,,,
WUblCihXgPU-PE-008,WUblCihXgPU,1440.0,CORE_254,,,,,,,,,,,,,
WUblCihXgPU-PE-009,WUblCihXgPU,1800.0,CORE_254,,,,,,,,,,,,,
WUblCihXgPU-PE-010,WUblCihXgPU,2400.0,CORE_254,,,,,,,,,,,,,
WUblCihXgPU-PE-011,WUblCihXgPU,2655.0,CORE_254,,,,,,,,,,,,,
WUblCihXgPU-PE-013,WUblCihXgPU,3733.0,CORE_254,,,,,,,,,,,,,
WUblCihXgPU-PE-014,WUblCihXgPU,3840.0,CORE_254,,,,,,,,,,,,,
1E65DgTFxe0-PE-002,1E65DgTFxe0,180.0,CORE_254,,,,,,,,,,,,,
1E65DgTFxe0-PE-003,1E65DgTFxe0,602.0,CORE_254,,,,,,,,,,,,,
1E65DgTFxe0-PE-004,1E65DgTFxe0,1063.0,CORE_254,,,,,,,,,,,,,
1E65DgTFxe0-PE-005,1E65DgTFxe0,1276.0,CORE_254,,,,,,,,,,,,,
1E65DgTFxe0-PE-006,1E65DgTFxe0,1337.0,CORE_254,,,,,,,,,,,,,
1E65DgTFxe0-PE-007,1E65DgTFxe0,1795.0,CORE_254,,,,,,,,,,,,,
1E65DgTFxe0-PE-009,1E65DgTFxe0,2840.0,CORE_254,,,,,,,,,,,,,
1E65DgTFxe0-PE-010,1E65DgTFxe0,3203.0,CORE_254,,,,,,,,,,,,,
U5CphnzaXio-PE-001,U5CphnzaXio,247.0,CORE_254,,,,,,,,,,,,,
U5CphnzaXio-PE-002,U5CphnzaXio,437.0,CORE_254,,,,,,,,,,,,,
U5CphnzaXio-PE-003,U5CphnzaXio,668.0,CORE_254,,,,,,,,,,,,,
U5CphnzaXio-PE-006,U5CphnzaXio,2472.0,CORE_254,,,,,,,,,,,,,
U5CphnzaXio-PE-007,U5CphnzaXio,3552.0,CORE_254,,,,,,,,,,,,,
U5CphnzaXio-PE-008,U5CphnzaXio,3752.0,CORE_254,,,,,,,,,,,,,
U5CphnzaXio-PE-009,U5CphnzaXio,4350.0,CORE_254,,,,,,,,,,,,,
OpMzvMNNrHM-PE-001,OpMzvMNNrHM,198.0,CORE_254,,,,,,,,,,,,,
OpMzvMNNrHM-PE-002,OpMzvMNNrHM,960.0,CORE_254,,,,,,,,,,,,,
OpMzvMNNrHM-PE-003,OpMzvMNNrHM,1021.0,CORE_254,,,,,,,,,,,,,
OpMzvMNNrHM-PE-006,OpMzvMNNrHM,1953.0,CORE_254,,,,,,,,,,,,,
OpMzvMNNrHM-PE-007,OpMzvMNNrHM,2283.0,CORE_254,,,,,,,,,,,,,
OpMzvMNNrHM-PE-010,OpMzvMNNrHM,3611.0,CORE_254,,,,,,,,,,,,,
qTSedn6hEp8-PE-001,qTSedn6hEp8,58.0,CORE_254,,,,,,,,,,,,,
qTSedn6hEp8-PE-002,qTSedn6hEp8,480.0,CORE_254,,,,,,,,,,,,,
qTSedn6hEp8-PE-003,qTSedn6hEp8,740.0,CORE_254,,,,,,,,,,,,,
qTSedn6hEp8-PE-004,qTSedn6hEp8,1500.0,CORE_254,,,,,,,,,,,,,
qTSedn6hEp8-PE-005,qTSedn6hEp8,1627.0,CORE_254,,,,,,,,,,,,,
qTSedn6hEp8-PE-006,qTSedn6hEp8,1696.0,CORE_254,,,,,,,,,,,,,
qTSedn6hEp8-PE-007,qTSedn6hEp8,1826.0,CORE_254,,,,,,,,,,,,,
qTSedn6hEp8-PE-008,qTSedn6hEp8,2218.0,CORE_254,,,,,,,,,,,,,
qTSedn6hEp8-PE-009,qTSedn6hEp8,2344.0,CORE_254,,,,,,,,,,,,,
qTSedn6hEp8-PE-010,qTSedn6hEp8,3203.0,CORE_254,,,,,,,,,,,,,
qTSedn6hEp8-PE-011,qTSedn6hEp8,3360.0,CORE_254,,,,,,,,,,,,,
qTSedn6hEp8-PE-012,qTSedn6hEp8,3659.0,CORE_254,,,,,,,,,,,,,
fkZjFHTg3GY-PE-001,fkZjFHTg3GY,408.0,CORE_254,,,,,,,,,,,,,
fkZjFHTg3GY-PE-002,fkZjFHTg3GY,480.0,CORE_254,,,,,,,,,,,,,
fkZjFHTg3GY-PE-003,fkZjFHTg3GY,1220.0,CORE_254,,,,,,,,,,,,,
fkZjFHTg3GY-PE-004,fkZjFHTg3GY,1423.0,CORE_254,,,,,,,,,,,,,
fkZjFHTg3GY-PE-005,fkZjFHTg3GY,1533.0,CORE_254,,,,,,,,,,,,,
fkZjFHTg3GY-PE-006,fkZjFHTg3GY,1865.0,CORE_254,,,,,,,,,,,,,
fkZjFHTg3GY-PE-007,fkZjFHTg3GY,2244.0,CORE_254,,,,,,,,,,,,,
6trb-6A2t6Q-PE-001,6trb-6A2t6Q,265.0,CORE_254,,,,,,,,,,,,,
6trb-6A2t6Q-PE-002,6trb-6A2t6Q,480.0,CORE_254,,,,,,,,,,,,,
6trb-6A2t6Q-PE-003,6trb-6A2t6Q,619.0,CORE_254,,,,,,,,,,,,,
6trb-6A2t6Q-PE-004,6trb-6A2t6Q,753.0,CORE_254,,,,,,,,,,,,,
6trb-6A2t6Q-PE-005,6trb-6A2t6Q,1254.0,CORE_254,,,,,,,,,,,,,
6trb-6A2t6Q-PE-006,6trb-6A2t6Q,1440.0,CORE_254,,,,,,,,,,,,,
6trb-6A2t6Q-PE-007,6trb-6A2t6Q,1500.0,CORE_254,,,,,,,,,,,,,
6trb-6A2t6Q-PE-008,6trb-6A2t6Q,1713.0,CORE_254,,,,,,,,,,,,,
6trb-6A2t6Q-PE-009,6trb-6A2t6Q,1920.0,CORE_254,,,,,,,,,,,,,
6trb-6A2t6Q-PE-010,6trb-6A2t6Q,2248.0,CORE_254,,,,,,,,,,,,,
6trb-6A2t6Q-PE-011,6trb-6A2t6Q,2600.0,CORE_254,,,,,,,,,,,,,
6trb-6A2t6Q-PE-012,6trb-6A2t6Q,3420.0,CORE_254,,,,,,,,,,,,,
6trb-6A2t6Q-PE-013,6trb-6A2t6Q,3713.0,CORE_254,,,,,,,,,,,,,
6trb-6A2t6Q-PE-014,6trb-6A2t6Q,4092.0,CORE_254,,,,,,,,,,,,,
_DK9mCSob5o-PB-001,_DK9mCSob5o,333.0,CORE_254,,,,,,,,,,,,,
_DK9mCSob5o-PB-002,_DK9mCSob5o,395.0,CORE_254,,,,,,,,,,,,,
B83jlxwuo10-PB-001,B83jlxwuo10,612.0,CORE_254,,,,,,,,,,,,,
B83jlxwuo10-PB-009,B83jlxwuo10,3194.0,CORE_254,,,,,,,,,,,,,
CKTqdFza1HE-PB2-001,CKTqdFza1HE,261.0,CORE_254,,,,,,,,,,,,,
CKTqdFza1HE-PB2-002,CKTqdFza1HE,809.0,CORE_254,,,,,,,,,,,,,
CKTqdFza1HE-PB2-003,CKTqdFza1HE,932.0,CORE_254,,,,,,,,,,,,,
CKTqdFza1HE-PB2-005,CKTqdFza1HE,1440.0,CORE_254,,,,,,,,,,,,,
CKTqdFza1HE-PB2-006,CKTqdFza1HE,2150.0,CORE_254,,,,,,,,,,,,,
CKTqdFza1HE-PB2-007,CKTqdFza1HE,2294.0,CORE_254,,,,,,,,,,,,,
CKTqdFza1HE-PB2-008,CKTqdFza1HE,2150.0,CORE_254,,,,,,,,,,,,,
CKTqdFza1HE-PB2-009,CKTqdFza1HE,3279.0,CORE_254,,,,,,,,,,,,,
CKTqdFza1HE-PB2-010,CKTqdFza1HE,3485.0,CORE_254,,,,,,,,,,,,,
q6wgyFyzIs0-PB2-001,q6wgyFyzIs0,263.0,CORE_254,,,,,,,,,,,,,
u7KGSeF2lA0-PB2-001,u7KGSeF2lA0,480.0,CORE_254,,,,,,,,,,,,,
u7KGSeF2lA0-PB2-002,u7KGSeF2lA0,603.0,CORE_254,,,,,,,,,,,,,
u7KGSeF2lA0-PB2-003,u7KGSeF2lA0,725.0,CORE_254,,,,,,,,,,,,,
u7KGSeF2lA0-PB2-004,u7KGSeF2lA0,1025.0,CORE_254,,,,,,,,,,,,,
u7KGSeF2lA0-PB2-005,u7KGSeF2lA0,1228.0,CORE_254,,,,,,,,,,,,,
u7KGSeF2lA0-PB2-006,u7KGSeF2lA0,1339.0,CORE_254,,,,,,,,,,,,,
u7KGSeF2lA0-PB2-007,u7KGSeF2lA0,1520.0,CORE_254,,,,,,,,,,,,,
u7KGSeF2lA0-PB2-009,u7KGSeF2lA0,2400.0,CORE_254,,,,,,,,,,,,,
IQ4J5GJJK5Q-PB2-001,IQ4J5GJJK5Q,480.0,CORE_254,,,,,,,,,,,,,
IQ4J5GJJK5Q-PB2-002,IQ4J5GJJK5Q,990.0,CORE_254,,,,,,,,,,,,,
IQ4J5GJJK5Q-PB2-003,IQ4J5GJJK5Q,1051.0,CORE_254,,,,,,,,,,,,,
IQ4J5GJJK5Q-PB2-004,IQ4J5GJJK5Q,1177.0,CORE_254,,,,,,,,,,,,,
IQ4J5GJJK5Q-PB2-005,IQ4J5GJJK5Q,1372.0,CORE_254,,,,,,,,,,,,,
IQ4J5GJJK5Q-PB2-006,IQ4J5GJJK5Q,1477.0,CORE_254,,,,,,,,,,,,,
JJOGnPBF67I-PB3-001,JJOGnPBF67I,540.0,CORE_254,,,,,,,,,,,,,
JJOGnPBF67I-PB3-002,JJOGnPBF67I,930.0,CORE_254,,,,,,,,,,,,,
JJOGnPBF67I-PB3-003,JJOGnPBF67I,1400.0,CORE_254,,,,,,,,,,,,,
W2oZdVu2rxE-PB3-001,W2oZdVu2rxE,571.0,CORE_254,,,,,,,,,,,,,
W2oZdVu2rxE-PB3-002,W2oZdVu2rxE,742.0,CORE_254,,,,,,,,,,,,,
W2oZdVu2rxE-PB3-003,W2oZdVu2rxE,894.0,CORE_254,,,,,,,,,,,,,
W2oZdVu2rxE-PB3-004,W2oZdVu2rxE,1023.0,CORE_254,,,,,,,,,,,,,
W2oZdVu2rxE-PB3-005,W2oZdVu2rxE,1277.0,CORE_254,,,,,,,,,,,,,
W2oZdVu2rxE-PB3-006,W2oZdVu2rxE,1627.0,CORE_254,,,,,,,,,,,,,
W2oZdVu2rxE-PB3-007,W2oZdVu2rxE,2004.0,CORE_254,,,,,,,,,,,,,
W2oZdVu2rxE-PB3-008,W2oZdVu2rxE,2436.0,CORE_254,,,,,,,,,,,,,
NIDMLJuBPwk-PB3-001,NIDMLJuBPwk,904.0,CORE_254,,,,,,,,,,,,,
NIDMLJuBPwk-PB3-002,NIDMLJuBPwk,1504.0,CORE_254,,,,,,,,,,,,,
NIDMLJuBPwk-PB3-003,NIDMLJuBPwk,1747.0,CORE_254,,,,,,,,,,,,,
NIDMLJuBPwk-PB3-004,NIDMLJuBPwk,2047.0,CORE_254,,,,,,,,,,,,,
NIDMLJuBPwk-PB3-005,NIDMLJuBPwk,2491.0,CORE_254,,,,,,,,,,,,,
NIDMLJuBPwk-PB3-006,NIDMLJuBPwk,2881.0,CORE_254,,,,,,,,,,,,,
NIDMLJuBPwk-PB3-008,NIDMLJuBPwk,3492.0,CORE_254,,,,,,,,,,,,,
NIDMLJuBPwk-PB3-009,NIDMLJuBPwk,3931.0,CORE_254,,,,,,,,,,,,,
ldrw26fGZOE-PB3-001,ldrw26fGZOE,67.0,CORE_254,,,,,,,,,,,,,
ldrw26fGZOE-PB3-002,ldrw26fGZOE,611.0,CORE_254,,,,,,,,,,,,,
ldrw26fGZOE-PB3-003,ldrw26fGZOE,797.0,CORE_254,,,,,,,,,,,,,
ldrw26fGZOE-PB3-004,ldrw26fGZOE,797.0,CORE_254,,,,,,,,,,,,,
ldrw26fGZOE-PB3-005,ldrw26fGZOE,1087.0,CORE_254,,,,,,,,,,,,,
ldrw26fGZOE-PB3-006,ldrw26fGZOE,1251.0,CORE_254,,,,,,,,,,,,,
ldrw26fGZOE-PB3-007,ldrw26fGZOE,1720.0,CORE_254,,,,,,,,,,,,,
ldrw26fGZOE-PB3-008,ldrw26fGZOE,1846.0,CORE_254,,,,,,,,,,,,,
ldrw26fGZOE-PB3-009,ldrw26fGZOE,2180.0,CORE_254,,,,,,,,,,,,,
ldrw26fGZOE-PB3-010,ldrw26fGZOE,2548.0,CORE_254,,,,,,,,,,,,,
gfP4EW1IfVE-PB4-001,gfP4EW1IfVE,369.0,CORE_254,,,,,,,,,,,,,
gfP4EW1IfVE-PB4-002,gfP4EW1IfVE,551.0,CORE_254,,,,,,,,,,,,,
gfP4EW1IfVE-PB4-003,gfP4EW1IfVE,551.0,CORE_254,,,,,,,,,,,,,
gfP4EW1IfVE-PB4-004,gfP4EW1IfVE,1105.0,CORE_254,,,,,,,,,,,,,
gfP4EW1IfVE-PB4-005,gfP4EW1IfVE,1440.0,CORE_254,,,,,,,,,,,,,
gfP4EW1IfVE-PB4-006,gfP4EW1IfVE,1793.0,CORE_254,,,,,,,,,,,,,
gfP4EW1IfVE-PB4-007,gfP4EW1IfVE,2603.0,CORE_254,,,,,,,,,,,,,
OCBsHuFhjUQ-PB4-001,OCBsHuFhjUQ,54.0,CORE_254,,,,,,,,,,,,,
OCBsHuFhjUQ-PB4-002,OCBsHuFhjUQ,275.0,CORE_254,,,,,,,,,,,,,
OCBsHuFhjUQ-PB4-003,OCBsHuFhjUQ,821.0,CORE_254,,,,,,,,,,,,,
OCBsHuFhjUQ-PB4-004,OCBsHuFhjUQ,884.0,CORE_254,,,,,,,,,,,,,
OCBsHuFhjUQ-PB4-005,OCBsHuFhjUQ,1140.0,CORE_254,,,,,,,,,,,,,
OCBsHuFhjUQ-PB4-006,OCBsHuFhjUQ,1580.0,CORE_254,,,,,,,,,,,,,
OCBsHuFhjUQ-PB4-008,OCBsHuFhjUQ,2012.0,CORE_254,,,,,,,,,,,,,
OCBsHuFhjUQ-PB4-009,OCBsHuFhjUQ,2401.0,CORE_254,,,,,,,,,,,,,
OCBsHuFhjUQ-PB4-011,OCBsHuFhjUQ,2919.0,CORE_254,,,,,,,,,,,,,
OCBsHuFhjUQ-PB4-012,OCBsHuFhjUQ,3315.0,CORE_254,,,,,,,,,,,,,
KsWpzeJhAVk-PB4-001,KsWpzeJhAVk,74.0,CORE_254,,,,,,,,,,,,,
KsWpzeJhAVk-PB4-002,KsWpzeJhAVk,514.0,CORE_254,,,,,,,,,,,,,
KsWpzeJhAVk-PB4-003,KsWpzeJhAVk,645.0,CORE_254,,,,,,,,,,,,,
KsWpzeJhAVk-PB4-004,KsWpzeJhAVk,797.0,CORE_254,,,,,,,,,,,,,
KsWpzeJhAVk-PB4-005,KsWpzeJhAVk,860.0,CORE_254,,,,,,,,,,,,,
KsWpzeJhAVk-PB4-006,KsWpzeJhAVk,1135.0,CORE_254,,,,,,,,,,,,,
KsWpzeJhAVk-PB4-007,KsWpzeJhAVk,1207.0,CORE_254,,,,,,,,,,,,,
KsWpzeJhAVk-PB4-009,KsWpzeJhAVk,3112.0,CORE_254,,,,,,,,,,,,,
EVm0u9Csglk-PB4-001,EVm0u9Csglk,85.0,CORE_254,,,,,,,,,,,,,
EVm0u9Csglk-PB4-002,EVm0u9Csglk,145.0,CORE_254,,,,,,,,,,,,,
EVm0u9Csglk-PB4-003,EVm0u9Csglk,903.0,CORE_254,,,,,,,,,,,,,
EVm0u9Csglk-PB4-004,EVm0u9Csglk,1441.0,CORE_254,,,,,,,,,,,,,
EVm0u9Csglk-PB4-005,EVm0u9Csglk,1642.0,CORE_254,,,,,,,,,,,,,
EVm0u9Csglk-PB4-006,EVm0u9Csglk,2083.0,CORE_254,,,,,,,,,,,,,
EVm0u9Csglk-PB4-007,EVm0u9Csglk,2212.0,CORE_254,,,,,,,,,,,,,
EVm0u9Csglk-PB4-009,EVm0u9Csglk,3309.0,CORE_254,,,,,,,,,,,,,
HwXIifB0P6o-PB5-002,HwXIifB0P6o,792.0,CORE_254,,,,,,,,,,,,,
HwXIifB0P6o-PB5-003,HwXIifB0P6o,859.0,CORE_254,,,,,,,,,,,,,
HwXIifB0P6o-PB5-004,HwXIifB0P6o,1193.0,CORE_254,,,,,,,,,,,,,
HwXIifB0P6o-PB5-005,HwXIifB0P6o,1256.0,CORE_254,,,,,,,,,,,,,
HwXIifB0P6o-PB5-006,HwXIifB0P6o,1709.0,CORE_254,,,,,,,,,,,,,
HwXIifB0P6o-PB5-007,HwXIifB0P6o,1771.0,CORE_254,,,,,,,,,,,,,
HwXIifB0P6o-PB5-008,HwXIifB0P6o,2823.0,CORE_254,,,,,,,,,,,,,
HOidQitTyAc-PB5-001,HOidQitTyAc,184.0,CORE_254,,,,,,,,,,,,,
HOidQitTyAc-PB5-002,HOidQitTyAc,313.0,CORE_254,,,,,,,,,,,,,
HOidQitTyAc-PB5-003,HOidQitTyAc,885.0,CORE_254,,,,,,,,,,,,,
HOidQitTyAc-PB5-004,HOidQitTyAc,1178.0,CORE_254,,,,,,,,,,,,,
HOidQitTyAc-PB5-005,HOidQitTyAc,1440.0,CORE_254,,,,,,,,,,,,,
HOidQitTyAc-PB5-006,HOidQitTyAc,1865.0,CORE_254,,,,,,,,,,,,,
HOidQitTyAc-PB5-008,HOidQitTyAc,3129.0,CORE_254,,,,,,,,,,,,,
HOidQitTyAc-PB5-009,HOidQitTyAc,3680.0,CORE_254,,,,,,,,,,,,,
HOidQitTyAc-PB5-010,HOidQitTyAc,4240.0,CORE_254,,,,,,,,,,,,,
aEw6393GE1c-PB5-002,aEw6393GE1c,817.0,CORE_254,,,,,,,,,,,,,
aEw6393GE1c-PB5-003,aEw6393GE1c,1002.0,CORE_254,,,,,,,,,,,,,
aEw6393GE1c-PB5-004,aEw6393GE1c,1062.0,CORE_254,,,,,,,,,,,,,
aEw6393GE1c-PB5-005,aEw6393GE1c,1383.0,CORE_254,,,,,,,,,,,,,
aEw6393GE1c-PB5-006,aEw6393GE1c,1594.0,CORE_254,,,,,,,,,,,,,
h93tKxejXwQ-PB5-001,h93tKxejXwQ,220.0,CORE_254,,,,,,,,,,,,,
h93tKxejXwQ-PB5-002,h93tKxejXwQ,1461.0,CORE_254,,,,,,,,,,,,,
h93tKxejXwQ-PB5-003,h93tKxejXwQ,1649.0,CORE_254,,,,,,,,,,,,,
h93tKxejXwQ-PB5-004,h93tKxejXwQ,1895.0,CORE_254,,,,,,,,,,,,,
9D7wgJCdP5c-PB6-001,9D7wgJCdP5c,355.0,CORE_254,,,,,,,,,,,,,
9D7wgJCdP5c-PB6-003,9D7wgJCdP5c,618.0,CORE_254,,,,,,,,,,,,,
9D7wgJCdP5c-PB6-004,9D7wgJCdP5c,1065.0,CORE_254,,,,,,,,,,,,,
9D7wgJCdP5c-PB6-005,9D7wgJCdP5c,1311.0,CORE_254,,,,,,,,,,,,,
9D7wgJCdP5c-PB6-006,9D7wgJCdP5c,1505.0,CORE_254,,,,,,,,,,,,,
9D7wgJCdP5c-PB6-007,9D7wgJCdP5c,2091.0,CORE_254,,,,,,,,,,,,,
9D7wgJCdP5c-PB6-009,9D7wgJCdP5c,2807.0,CORE_254,,,,,,,,,,,,,
MbUagftbsIw-PB6-001,MbUagftbsIw,110.0,CORE_254,,,,,,,,,,,,,
MbUagftbsIw-PB6-002,MbUagftbsIw,521.0,CORE_254,,,,,,,,,,,,,
MbUagftbsIw-PB6-003,MbUagftbsIw,646.0,CORE_254,,,,,,,,,,,,,
MbUagftbsIw-PB6-004,MbUagftbsIw,1352.0,CORE_254,,,,,,,,,,,,,
MbUagftbsIw-PB6-005,MbUagftbsIw,1414.0,CORE_254,,,,,,,,,,,,,
MbUagftbsIw-PB6-006,MbUagftbsIw,1902.0,CORE_254,,,,,,,,,,,,,
MbUagftbsIw-PB6-007,MbUagftbsIw,2257.0,CORE_254,,,,,,,,,,,,,
2c249LLRY_Q-PB6-001,2c249LLRY_Q,197.0,CORE_254,,,,,,,,,,,,,
2c249LLRY_Q-PB6-002,2c249LLRY_Q,579.0,CORE_254,,,,,,,,,,,,,
2c249LLRY_Q-PB6-003,2c249LLRY_Q,763.0,CORE_254,,,,,,,,,,,,,
2c249LLRY_Q-PB6-004,2c249LLRY_Q,197.0,CORE_254,,,,,,,,,,,,,
2c249LLRY_Q-PB6-005,2c249LLRY_Q,1831.0,CORE_254,,,,,,,,,,,,,
suuicaoUvDQ-PB6-001,suuicaoUvDQ,212.0,CORE_254,,,,,,,,,,,,,
suuicaoUvDQ-PB6-002,suuicaoUvDQ,508.0,CORE_254,,,,,,,,,,,,,
suuicaoUvDQ-PB6-003,suuicaoUvDQ,768.0,CORE_254,,,,,,,,,,,,,
suuicaoUvDQ-PB6-004,suuicaoUvDQ,1251.0,CORE_254,,,,,,,,,,,,,
suuicaoUvDQ-PB6-005,suuicaoUvDQ,1319.0,CORE_254,,,,,,,,,,,,,
suuicaoUvDQ-PB6-006,suuicaoUvDQ,1638.0,CORE_254,,,,,,,,,,,,,
suuicaoUvDQ-PB6-007,suuicaoUvDQ,1770.0,CORE_254,,,,,,,,,,,,,
suuicaoUvDQ-PB6-009,suuicaoUvDQ,2820.0,CORE_254,,,,,,,,,,,,,
suuicaoUvDQ-PB6-010,suuicaoUvDQ,3627.0,CORE_254,,,,,,,,,,,,,
wQ5uxbmLlM4-PB7-001,wQ5uxbmLlM4,198.0,CORE_254,,,,,,,,,,,,,
wQ5uxbmLlM4-PB7-002,wQ5uxbmLlM4,328.0,CORE_254,,,,,,,,,,,,,
wQ5uxbmLlM4-PB7-003,wQ5uxbmLlM4,1317.0,CORE_254,,,,,,,,,,,,,
m0l1wj9IZ2o-PB7-001,m0l1wj9IZ2o,55.0,CORE_254,,,,,,,,,,,,,
m0l1wj9IZ2o-PB7-002,m0l1wj9IZ2o,432.0,CORE_254,,,,,,,,,,,,,
m0l1wj9IZ2o-PB7-003,m0l1wj9IZ2o,588.0,CORE_254,,,,,,,,,,,,,
m0l1wj9IZ2o-PB7-004,m0l1wj9IZ2o,1108.0,CORE_254,,,,,,,,,,,,,
m0l1wj9IZ2o-PB7-005,m0l1wj9IZ2o,1241.0,CORE_254,,,,,,,,,,,,,
m0l1wj9IZ2o-PB7-006,m0l1wj9IZ2o,2318.0,CORE_254,,,,,,,,,,,,,
M078bAYBc-E-PB7-001,M078bAYBc-E,734.0,CORE_254,,,,,,,,,,,,,
M078bAYBc-E-PB7-002,M078bAYBc-E,960.0,CORE_254,,,,,,,,,,,,,
M078bAYBc-E-PB7-003,M078bAYBc-E,1540.0,CORE_254,,,,,,,,,,,,,
M078bAYBc-E-PB7-004,M078bAYBc-E,2784.0,CORE_254,,,,,,,,,,,,,
M078bAYBc-E-PB7-005,M078bAYBc-E,3337.0,CORE_254,,,,,,,,,,,,,
NPUPkMWzKTE-PB7-002,NPUPkMWzKTE,900.0,CORE_254,,,,,,,,,,,,,
NPUPkMWzKTE-PB7-003,NPUPkMWzKTE,1000.0,CORE_254,,,,,,,,,,,,,
NPUPkMWzKTE-PB7-006,NPUPkMWzKTE,2900.0,CORE_254,,,,,,,,,,,,,
E2Vu2bndWRc-PB8-001,E2Vu2bndWRc,74.0,CORE_254,,,,,,,,,,,,,
E2Vu2bndWRc-PB8-002,E2Vu2bndWRc,353.0,CORE_254,,,,,,,,,,,,,
E2Vu2bndWRc-PB8-003,E2Vu2bndWRc,1144.0,CORE_254,,,,,,,,,,,,,
E2Vu2bndWRc-PB8-004,E2Vu2bndWRc,1208.0,CORE_254,,,,,,,,,,,,,
E2Vu2bndWRc-PB8-005,E2Vu2bndWRc,1588.0,CORE_254,,,,,,,,,,,,,
E2Vu2bndWRc-PB8-006,E2Vu2bndWRc,2436.0,CORE_254,,,,,,,,,,,,,
mGJ4dtVjlxE-PB8-001,mGJ4dtVjlxE,560.0,CORE_254,,,,,,,,,,,,,
mGJ4dtVjlxE-PB8-002,mGJ4dtVjlxE,1859.0,CORE_254,,,,,,,,,,,,,
mGJ4dtVjlxE-PB8-003,mGJ4dtVjlxE,2285.0,CORE_254,,,,,,,,,,,,,
9d7IHhIAi6M-PB8-001,9d7IHhIAi6M,266.0,CORE_254,,,,,,,,,,,,,
9d7IHhIAi6M-PB8-002,9d7IHhIAi6M,824.0,CORE_254,,,,,,,,,,,,,
9d7IHhIAi6M-PB8-003,9d7IHhIAi6M,1174.0,CORE_254,,,,,,,,,,,,,
9d7IHhIAi6M-PB8-004,9d7IHhIAi6M,1867.0,CORE_254,,,,,,,,,,,,,
9d7IHhIAi6M-PB8-005,9d7IHhIAi6M,3011.0,CORE_254,,,,,,,,,,,,,
CqEhHmcjeyQ-PB8-002,CqEhHmcjeyQ,1570.0,CORE_254,,,,,,,,,,,,,
