source_repo_commit,decision_event_id,stream_id,stream_date,source_stream_timestamp,anchor_seconds,t_minus_120_seconds,t_minus_60_seconds,t_minus_30_seconds,t_minus_5_seconds,source_url,extraction_status,blinding_note
d19a43da80ae0e3ab4207a73a35f317120d37c84,EOBnMz2Y_9k-PE-001,EOBnMz2Y_9k,2026-09-30,20:16,1216,1096,1156,1186,1211,https://www.youtube.com/watch?v=EOBnMz2Y_9k,READY,Extract only frames at/before frozen event; do not include decision/outcome labels.
d19a43da80ae0e3ab4207a73a35f317120d37c84,EOBnMz2Y_9k-PE-002,EOBnMz2Y_9k,2026-09-30,24:30,1470,1350,1410,1440,1465,https://www.youtube.com/watch?v=EOBnMz2Y_9k,READY,Extract only frames at/before frozen event; do not include decision/outcome labels.
d19a43da80ae0e3ab4207a73a35f317120d37c84,EOBnMz2Y_9k-PE-003,EOBnMz2Y_9k,2026-09-30,29:48-32:00,1788,1668,1728,1758,1783,https://www.youtube.com/watch?v=EOBnMz2Y_9k,READY,Extract only frames at/before frozen event; do not include decision/outcome labels.
d19a43da80ae0e3ab4207a73a35f317120d37c84,EOBnMz2Y_9k-PE-004,EOBnMz2Y_9k,2026-09-30,30:58,1858,1738,1798,1828,1853,https://www.youtube.com/watch?v=EOBnMz2Y_9k,READY,Extract only frames at/before frozen event; do not include decision/outcome labels.
d19a43da80ae0e3ab4207a73a35f317120d37c84,EOBnMz2Y_9k-PE-005,EOBnMz2Y_9k,2026-09-30,43:36-45:36,2616,2496,2556,2586,2611,https://www.youtube.com/watch?v=EOBnMz2Y_9k,READY,Extract only frames at/before frozen event; do not include decision/outcome labels.
d19a43da80ae0e3ab4207a73a35f317120d37c84,EOBnMz2Y_9k-PE-006,EOBnMz2Y_9k,2026-09-30,50:03-51:06,3003,2883,2943,2973,2998,https://www.youtube.com/watch?v=EOBnMz2Y_9k,READY,Extract only frames at/before frozen event; do not include decision/outcome labels.
d19a43da80ae0e3ab4207a73a35f317120d37c84,EOBnMz2Y_9k-PE-007,EOBnMz2Y_9k,2026-09-30,52:08,3128,3008,3068,3098,3123,https://www.youtube.com/watch?v=EOBnMz2Y_9k,READY,Extract only frames at/before frozen event; do not include decision/outcome labels.
d19a43da80ae0e3ab4207a73a35f317120d37c84,EOBnMz2Y_9k-PE-008,EOBnMz2Y_9k,2026-09-30,53:12,3192,3072,3132,3162,3187,https://www.youtube.com/watch?v=EOBnMz2Y_9k,READY,Extract only frames at/before frozen event; do not include decision/outcome labels.
d19a43da80ae0e3ab4207a73a35f317120d37c84,EOBnMz2Y_9k-PE-009,EOBnMz2Y_9k,2026-09-30,59:28-61:32,3568,3448,3508,3538,3563,https://www.youtube.com/watch?v=EOBnMz2Y_9k,READY,Extract only frames at/before frozen event; do not include decision/outcome labels.
d19a43da80ae0e3ab4207a73a35f317120d37c84,CPGcMydNbbQ-PE-001,CPGcMydNbbQ,2026-09-29,4:19,259,139,199,229,254,https://www.youtube.com/watch?v=CPGcMydNbbQ,READY,Extract only frames at/before frozen event; do not include decision/outcome labels.
d19a43da80ae0e3ab4207a73a35f317120d37c84,CPGcMydNbbQ-PE-002,CPGcMydNbbQ,2026-09-29,5:22,322,202,262,292,317,https://www.youtube.com/watch?v=CPGcMydNbbQ,READY,Extract only frames at/before frozen event; do not include decision/outcome labels.
d19a43da80ae0e3ab4207a73a35f317120d37c84,CPGcMydNbbQ-PE-003,CPGcMydNbbQ,2026-09-29,20:20,1220,1100,1160,1190,1215,https://www.youtube.com/watch?v=CPGcMydNbbQ,READY,Extract only frames at/before frozen event; do not include decision/outcome labels.
d19a43da80ae0e3ab4207a73a35f317120d37c84,CPGcMydNbbQ-PE-004,CPGcMydNbbQ,2026-09-29,21:23-24:00,1283,1163,1223,1253,1278,https://www.youtube.com/watch?v=CPGcMydNbbQ,READY,Extract only frames at/before frozen event; do not include decision/outcome labels.
d19a43da80ae0e3ab4207a73a35f317120d37c84,CPGcMydNbbQ-PE-005,CPGcMydNbbQ,2026-09-29,22:58,1378,1258,1318,1348,1373,https://www.youtube.com/watch?v=CPGcMydNbbQ,READY,Extract only frames at/before frozen event; do not include decision/outcome labels.
d19a43da80ae0e3ab4207a73a35f317120d37c84,CPGcMydNbbQ-PE-006,CPGcMydNbbQ,2026-09-29,27:42,1662,1542,1602,1632,1657,https://www.youtube.com/watch?v=CPGcMydNbbQ,READY,Extract only frames at/before frozen event; do not include decision/outcome labels.
d19a43da80ae0e3ab4207a73a35f317120d37c84,CPGcMydNbbQ-PE-007,CPGcMydNbbQ,2026-09-29,37:24-41:34,2244,2124,2184,2214,2239,https://www.youtube.com/watch?v=CPGcMydNbbQ,READY,Extract only frames at/before frozen event; do not include decision/outcome labels.
d19a43da80ae0e3ab4207a73a35f317120d37c84,CPGcMydNbbQ-PE-008,CPGcMydNbbQ,2026-09-29,42:50-45:08,2570,2450,2510,2540,2565,https://www.youtube.com/watch?v=CPGcMydNbbQ,READY,Extract only frames at/before frozen event; do not include decision/outcome labels.
d19a43da80ae0e3ab4207a73a35f317120d37c84,CPGcMydNbbQ-PE-009,CPGcMydNbbQ,2026-09-29,45:08,2708,2588,2648,2678,2703,https://www.youtube.com/watch?v=CPGcMydNbbQ,READY,Extract only frames at/before frozen event; do not include decision/outcome labels.
d19a43da80ae0e3ab4207a73a35f317120d37c84,CPGcMydNbbQ-PE-010,CPGcMydNbbQ,2026-09-29,50:07,3007,2887,2947,2977,3002,https://www.youtube.com/watch?v=CPGcMydNbbQ,READY,Extract only frames at/before frozen event; do not include decision/outcome labels.
d19a43da80ae0e3ab4207a73a35f317120d37c84,CPGcMydNbbQ-PE-011,CPGcMydNbbQ,2026-09-29,51:08,3068,2948,3008,3038,3063,https://www.youtube.com/watch?v=CPGcMydNbbQ,READY,Extract only frames at/before frozen event; do not include decision/outcome labels.
d19a43da80ae0e3ab4207a73a35f317120d37c84,CPGcMydNbbQ-PE-012,CPGcMydNbbQ,2026-09-29,61:30-62:32,3690,3570,3630,3660,3685,https://www.youtube.com/watch?v=CPGcMydNbbQ,READY,Extract only frames at/before frozen event; do not include decision/outcome labels.
d19a43da80ae0e3ab4207a73a35f317120d37c84,CPGcMydNbbQ-PE-013,CPGcMydNbbQ,2026-09-29,64:00,3840,3720,3780,3810,3835,https://www.youtube.com/watch?v=CPGcMydNbbQ,READY,Extract only frames at/before frozen event; do not include decision/outcome labels.
d19a43da80ae0e3ab4207a73a35f317120d37c84,WUblCihXgPU-PE-001,WUblCihXgPU,2026-09-28,1:22-2:42,82,0,22,52,77,https://www.youtube.com/watch?v=WUblCihXgPU,READY,Extract only frames at/before frozen event; do not include decision/outcome labels.
d19a43da80ae0e3ab4207a73a35f317120d37c84,WUblCihXgPU-PE-002,WUblCihXgPU,2026-09-28,5:07,307,187,247,277,302,https://www.youtube.com/watch?v=WUblCihXgPU,READY,Extract only frames at/before frozen event; do not include decision/outcome labels.
d19a43da80ae0e3ab4207a73a35f317120d37c84,WUblCihXgPU-PE-003,WUblCihXgPU,2026-09-28,8:00-9:01,480,360,420,450,475,https://www.youtube.com/watch?v=WUblCihXgPU,READY,Extract only frames at/before frozen event; do not include decision/outcome labels.
d19a43da80ae0e3ab4207a73a35f317120d37c84,WUblCihXgPU-PE-004,WUblCihXgPU,2026-09-28,10:17,617,497,557,587,612,https://www.youtube.com/watch?v=WUblCihXgPU,READY,Extract only frames at/before frozen event; do not include decision/outcome labels.
d19a43da80ae0e3ab4207a73a35f317120d37c84,WUblCihXgPU-PE-005,WUblCihXgPU,2026-09-28,17:13,1033,913,973,1003,1028,https://www.youtube.com/watch?v=WUblCihXgPU,READY,Extract only frames at/before frozen event; do not include decision/outcome labels.
d19a43da80ae0e3ab4207a73a35f317120d37c84,WUblCihXgPU-PE-006,WUblCihXgPU,2026-09-28,18:26,1106,986,1046,1076,1101,https://www.youtube.com/watch?v=WUblCihXgPU,READY,Extract only frames at/before frozen event; do not include decision/outcome labels.
d19a43da80ae0e3ab4207a73a35f317120d37c84,WUblCihXgPU-PE-007,WUblCihXgPU,2026-09-28,21:34-22:36,1294,1174,1234,1264,1289,https://www.youtube.com/watch?v=WUblCihXgPU,READY,Extract only frames at/before frozen event; do not include decision/outcome labels.
d19a43da80ae0e3ab4207a73a35f317120d37c84,WUblCihXgPU-PE-008,WUblCihXgPU,2026-09-28,24:00,1440,1320,1380,1410,1435,https://www.youtube.com/watch?v=WUblCihXgPU,READY,Extract only frames at/before frozen event; do not include decision/outcome labels.
d19a43da80ae0e3ab4207a73a35f317120d37c84,WUblCihXgPU-PE-009,WUblCihXgPU,2026-09-28,30:00-30:32,1800,1680,1740,1770,1795,https://www.youtube.com/watch?v=WUblCihXgPU,READY,Extract only frames at/before frozen event; do not include decision/outcome labels.
d19a43da80ae0e3ab4207a73a35f317120d37c84,WUblCihXgPU-PE-010,WUblCihXgPU,2026-09-28,40:00-41:38,2400,2280,2340,2370,2395,https://www.youtube.com/watch?v=WUblCihXgPU,READY,Extract only frames at/before frozen event; do not include decision/outcome labels.
d19a43da80ae0e3ab4207a73a35f317120d37c84,WUblCihXgPU-PE-011,WUblCihXgPU,2026-09-28,44:15-45:18,2655,2535,2595,2625,2650,https://www.youtube.com/watch?v=WUblCihXgPU,READY,Extract only frames at/before frozen event; do not include decision/outcome labels.
d19a43da80ae0e3ab4207a73a35f317120d37c84,WUblCihXgPU-PE-012,WUblCihXgPU,2026-09-28,48:02,2882,2762,2822,2852,2877,https://www.youtube.com/watch?v=WUblCihXgPU,READY,Extract only frames at/before frozen event; do not include decision/outcome labels.
d19a43da80ae0e3ab4207a73a35f317120d37c84,WUblCihXgPU-PE-013,WUblCihXgPU,2026-09-28,62:13,3733,3613,3673,3703,3728,https://www.youtube.com/watch?v=WUblCihXgPU,READY,Extract only frames at/before frozen event; do not include decision/outcome labels.
d19a43da80ae0e3ab4207a73a35f317120d37c84,WUblCihXgPU-PE-014,WUblCihXgPU,2026-09-28,64:00,3840,3720,3780,3810,3835,https://www.youtube.com/watch?v=WUblCihXgPU,READY,Extract only frames at/before frozen event; do not include decision/outcome labels.
d19a43da80ae0e3ab4207a73a35f317120d37c84,1E65DgTFxe0-PE-001,1E65DgTFxe0,2026-09-25,pre-stream ~08:45 NY,,,,,,https://www.youtube.com/watch?v=1E65DgTFxe0,MANUAL_PRESTREAM,Pre-stream action: do not synthesize a stream timestamp.
d19a43da80ae0e3ab4207a73a35f317120d37c84,1E65DgTFxe0-PE-002,1E65DgTFxe0,2026-09-25,3:00-4:12,180,60,120,150,175,https://www.youtube.com/watch?v=1E65DgTFxe0,READY,Extract only frames at/before frozen event; do not include decision/outcome labels.
d19a43da80ae0e3ab4207a73a35f317120d37c84,1E65DgTFxe0-PE-003,1E65DgTFxe0,2026-09-25,10:02,602,482,542,572,597,https://www.youtube.com/watch?v=1E65DgTFxe0,READY,Extract only frames at/before frozen event; do not include decision/outcome labels.
d19a43da80ae0e3ab4207a73a35f317120d37c84,1E65DgTFxe0-PE-004,1E65DgTFxe0,2026-09-25,17:43,1063,943,1003,1033,1058,https://www.youtube.com/watch?v=1E65DgTFxe0,READY,Extract only frames at/before frozen event; do not include decision/outcome labels.
d19a43da80ae0e3ab4207a73a35f317120d37c84,1E65DgTFxe0-PE-005,1E65DgTFxe0,2026-09-25,21:16,1276,1156,1216,1246,1271,https://www.youtube.com/watch?v=1E65DgTFxe0,READY,Extract only frames at/before frozen event; do not include decision/outcome labels.
d19a43da80ae0e3ab4207a73a35f317120d37c84,1E65DgTFxe0-PE-006,1E65DgTFxe0,2026-09-25,22:17-23:18,1337,1217,1277,1307,1332,https://www.youtube.com/watch?v=1E65DgTFxe0,READY,Extract only frames at/before frozen event; do not include decision/outcome labels.
d19a43da80ae0e3ab4207a73a35f317120d37c84,1E65DgTFxe0-PE-007,1E65DgTFxe0,2026-09-25,29:55,1795,1675,1735,1765,1790,https://www.youtube.com/watch?v=1E65DgTFxe0,READY,Extract only frames at/before frozen event; do not include decision/outcome labels.
d19a43da80ae0e3ab4207a73a35f317120d37c84,1E65DgTFxe0-PE-008,1E65DgTFxe0,2026-09-25,35:13-42:37,2113,1993,2053,2083,2108,https://www.youtube.com/watch?v=1E65DgTFxe0,READY,Extract only frames at/before frozen event; do not include decision/outcome labels.
d19a43da80ae0e3ab4207a73a35f317120d37c84,1E65DgTFxe0-PE-009,1E65DgTFxe0,2026-09-25,47:20,2840,2720,2780,2810,2835,https://www.youtube.com/watch?v=1E65DgTFxe0,READY,Extract only frames at/before frozen event; do not include decision/outcome labels.
d19a43da80ae0e3ab4207a73a35f317120d37c84,1E65DgTFxe0-PE-010,1E65DgTFxe0,2026-09-25,53:23,3203,3083,3143,3173,3198,https://www.youtube.com/watch?v=1E65DgTFxe0,READY,Extract only frames at/before frozen event; do not include decision/outcome labels.
d19a43da80ae0e3ab4207a73a35f317120d37c84,U5CphnzaXio-PE-001,U5CphnzaXio,2026-09-24,4:07-5:09,247,127,187,217,242,https://www.youtube.com/watch?v=U5CphnzaXio,READY,Extract only frames at/before frozen event; do not include decision/outcome labels.
d19a43da80ae0e3ab4207a73a35f317120d37c84,U5CphnzaXio-PE-002,U5CphnzaXio,2026-09-24,7:17-10:06,437,317,377,407,432,https://www.youtube.com/watch?v=U5CphnzaXio,READY,Extract only frames at/before frozen event; do not include decision/outcome labels.
d19a43da80ae0e3ab4207a73a35f317120d37c84,U5CphnzaXio-PE-003,U5CphnzaXio,2026-09-24,11:08,668,548,608,638,663,https://www.youtube.com/watch?v=U5CphnzaXio,READY,Extract only frames at/before frozen event; do not include decision/outcome labels.
d19a43da80ae0e3ab4207a73a35f317120d37c84,U5CphnzaXio-PE-004,U5CphnzaXio,2026-09-24,24:02,1442,1322,1382,1412,1437,https://www.youtube.com/watch?v=U5CphnzaXio,READY,Extract only frames at/before frozen event; do not include decision/outcome labels.
d19a43da80ae0e3ab4207a73a35f317120d37c84,U5CphnzaXio-PE-005,U5CphnzaXio,2026-09-24,42:17,2537,2417,2477,2507,2532,https://www.youtube.com/watch?v=U5CphnzaXio,READY,Extract only frames at/before frozen event; do not include decision/outcome labels.
d19a43da80ae0e3ab4207a73a35f317120d37c84,U5CphnzaXio-PE-006,U5CphnzaXio,2026-09-24,41:12-46:31,2472,2352,2412,2442,2467,https://www.youtube.com/watch?v=U5CphnzaXio,READY,Extract only frames at/before frozen event; do not include decision/outcome labels.
d19a43da80ae0e3ab4207a73a35f317120d37c84,U5CphnzaXio-PE-007,U5CphnzaXio,2026-09-24,59:12-61:28,3552,3432,3492,3522,3547,https://www.youtube.com/watch?v=U5CphnzaXio,READY,Extract only frames at/before frozen event; do not include decision/outcome labels.
d19a43da80ae0e3ab4207a73a35f317120d37c84,U5CphnzaXio-PE-008,U5CphnzaXio,2026-09-24,62:32,3752,3632,3692,3722,3747,https://www.youtube.com/watch?v=U5CphnzaXio,READY,Extract only frames at/before frozen event; do not include decision/outcome labels.
d19a43da80ae0e3ab4207a73a35f317120d37c84,U5CphnzaXio-PE-009,U5CphnzaXio,2026-09-24,72:30-73:32,4350,4230,4290,4320,4345,https://www.youtube.com/watch?v=U5CphnzaXio,READY,Extract only frames at/before frozen event; do not include decision/outcome labels.
d19a43da80ae0e3ab4207a73a35f317120d37c84,OpMzvMNNrHM-PE-001,OpMzvMNNrHM,2026-09-23,3:18-6:24,198,78,138,168,193,https://www.youtube.com/watch?v=OpMzvMNNrHM,READY,Extract only frames at/before frozen event; do not include decision/outcome labels.
d19a43da80ae0e3ab4207a73a35f317120d37c84,OpMzvMNNrHM-PE-002,OpMzvMNNrHM,2026-09-23,~16:00,960,840,900,930,955,https://www.youtube.com/watch?v=OpMzvMNNrHM,READY,Extract only frames at/before frozen event; do not include decision/outcome labels.
d19a43da80ae0e3ab4207a73a35f317120d37c84,OpMzvMNNrHM-PE-003,OpMzvMNNrHM,2026-09-23,17:01,1021,901,961,991,1016,https://www.youtube.com/watch?v=OpMzvMNNrHM,READY,Extract only frames at/before frozen event; do not include decision/outcome labels.
d19a43da80ae0e3ab4207a73a35f317120d37c84,OpMzvMNNrHM-PE-004,OpMzvMNNrHM,2026-09-23,22:40,1360,1240,1300,1330,1355,https://www.youtube.com/watch?v=OpMzvMNNrHM,READY,Extract only frames at/before frozen event; do not include decision/outcome labels.
d19a43da80ae0e3ab4207a73a35f317120d37c84,OpMzvMNNrHM-PE-005,OpMzvMNNrHM,2026-09-23,24:00-26:11,1440,1320,1380,1410,1435,https://www.youtube.com/watch?v=OpMzvMNNrHM,READY,Extract only frames at/before frozen event; do not include decision/outcome labels.
d19a43da80ae0e3ab4207a73a35f317120d37c84,OpMzvMNNrHM-PE-006,OpMzvMNNrHM,2026-09-23,32:33-42:17,1953,1833,1893,1923,1948,https://www.youtube.com/watch?v=OpMzvMNNrHM,READY,Extract only frames at/before frozen event; do not include decision/outcome labels.
d19a43da80ae0e3ab4207a73a35f317120d37c84,OpMzvMNNrHM-PE-007,OpMzvMNNrHM,2026-09-23,38:03,2283,2163,2223,2253,2278,https://www.youtube.com/watch?v=OpMzvMNNrHM,READY,Extract only frames at/before frozen event; do not include decision/outcome labels.
d19a43da80ae0e3ab4207a73a35f317120d37c84,OpMzvMNNrHM-PE-008,OpMzvMNNrHM,2026-09-23,46:26-53:40,2786,2666,2726,2756,2781,https://www.youtube.com/watch?v=OpMzvMNNrHM,READY,Extract only frames at/before frozen event; do not include decision/outcome labels.
d19a43da80ae0e3ab4207a73a35f317120d37c84,OpMzvMNNrHM-PE-009,OpMzvMNNrHM,2026-09-23,55:56,3356,3236,3296,3326,3351,https://www.youtube.com/watch?v=OpMzvMNNrHM,READY,Extract only frames at/before frozen event; do not include decision/outcome labels.
d19a43da80ae0e3ab4207a73a35f317120d37c84,OpMzvMNNrHM-PE-010,OpMzvMNNrHM,2026-09-23,60:11,3611,3491,3551,3581,3606,https://www.youtube.com/watch?v=OpMzvMNNrHM,READY,Extract only frames at/before frozen event; do not include decision/outcome labels.
d19a43da80ae0e3ab4207a73a35f317120d37c84,qTSedn6hEp8-PE-001,qTSedn6hEp8,2026-09-21,0:58,58,0,0,28,53,https://www.youtube.com/watch?v=qTSedn6hEp8,READY,Extract only frames at/before frozen event; do not include decision/outcome labels.
d19a43da80ae0e3ab4207a73a35f317120d37c84,qTSedn6hEp8-PE-002,qTSedn6hEp8,2026-09-21,8:00,480,360,420,450,475,https://www.youtube.com/watch?v=qTSedn6hEp8,READY,Extract only frames at/before frozen event; do not include decision/outcome labels.
d19a43da80ae0e3ab4207a73a35f317120d37c84,qTSedn6hEp8-PE-003,qTSedn6hEp8,2026-09-21,12:20-14:42,740,620,680,710,735,https://www.youtube.com/watch?v=qTSedn6hEp8,READY,Extract only frames at/before frozen event; do not include decision/outcome labels.
d19a43da80ae0e3ab4207a73a35f317120d37c84,qTSedn6hEp8-PE-004,qTSedn6hEp8,2026-09-21,25:00-26:07,1500,1380,1440,1470,1495,https://www.youtube.com/watch?v=qTSedn6hEp8,READY,Extract only frames at/before frozen event; do not include decision/outcome labels.
d19a43da80ae0e3ab4207a73a35f317120d37c84,qTSedn6hEp8-PE-005,qTSedn6hEp8,2026-09-21,27:07,1627,1507,1567,1597,1622,https://www.youtube.com/watch?v=qTSedn6hEp8,READY,Extract only frames at/before frozen event; do not include decision/outcome labels.
d19a43da80ae0e3ab4207a73a35f317120d37c84,qTSedn6hEp8-PE-006,qTSedn6hEp8,2026-09-21,28:16,1696,1576,1636,1666,1691,https://www.youtube.com/watch?v=qTSedn6hEp8,READY,Extract only frames at/before frozen event; do not include decision/outcome labels.
d19a43da80ae0e3ab4207a73a35f317120d37c84,qTSedn6hEp8-PE-007,qTSedn6hEp8,2026-09-21,30:26,1826,1706,1766,1796,1821,https://www.youtube.com/watch?v=qTSedn6hEp8,READY,Extract only frames at/before frozen event; do not include decision/outcome labels.
d19a43da80ae0e3ab4207a73a35f317120d37c84,qTSedn6hEp8-PE-008,qTSedn6hEp8,2026-09-21,36:58,2218,2098,2158,2188,2213,https://www.youtube.com/watch?v=qTSedn6hEp8,READY,Extract only frames at/before frozen event; do not include decision/outcome labels.
d19a43da80ae0e3ab4207a73a35f317120d37c84,qTSedn6hEp8-PE-009,qTSedn6hEp8,2026-09-21,39:04,2344,2224,2284,2314,2339,https://www.youtube.com/watch?v=qTSedn6hEp8,READY,Extract only frames at/before frozen event; do not include decision/outcome labels.
d19a43da80ae0e3ab4207a73a35f317120d37c84,qTSedn6hEp8-PE-010,qTSedn6hEp8,2026-09-21,53:23-54:33,3203,3083,3143,3173,3198,https://www.youtube.com/watch?v=qTSedn6hEp8,READY,Extract only frames at/before frozen event; do not include decision/outcome labels.
d19a43da80ae0e3ab4207a73a35f317120d37c84,qTSedn6hEp8-PE-011,qTSedn6hEp8,2026-09-21,56:00-58:09,3360,3240,3300,3330,3355,https://www.youtube.com/watch?v=qTSedn6hEp8,READY,Extract only frames at/before frozen event; do not include decision/outcome labels.
d19a43da80ae0e3ab4207a73a35f317120d37c84,qTSedn6hEp8-PE-012,qTSedn6hEp8,2026-09-21,60:59,3659,3539,3599,3629,3654,https://www.youtube.com/watch?v=qTSedn6hEp8,READY,Extract only frames at/before frozen event; do not include decision/outcome labels.
d19a43da80ae0e3ab4207a73a35f317120d37c84,fkZjFHTg3GY-PE-001,fkZjFHTg3GY,2026-09-18,6:48,408,288,348,378,403,https://www.youtube.com/watch?v=fkZjFHTg3GY,READY,Extract only frames at/before frozen event; do not include decision/outcome labels.
d19a43da80ae0e3ab4207a73a35f317120d37c84,fkZjFHTg3GY-PE-002,fkZjFHTg3GY,2026-09-18,8:00-9:00,480,360,420,450,475,https://www.youtube.com/watch?v=fkZjFHTg3GY,READY,Extract only frames at/before frozen event; do not include decision/outcome labels.
d19a43da80ae0e3ab4207a73a35f317120d37c84,fkZjFHTg3GY-PE-003,fkZjFHTg3GY,2026-09-18,20:20-27:43,1220,1100,1160,1190,1215,https://www.youtube.com/watch?v=fkZjFHTg3GY,READY,Extract only frames at/before frozen event; do not include decision/outcome labels.
d19a43da80ae0e3ab4207a73a35f317120d37c84,fkZjFHTg3GY-PE-004,fkZjFHTg3GY,2026-09-18,23:43-24:00,1423,1303,1363,1393,1418,https://www.youtube.com/watch?v=fkZjFHTg3GY,READY,Extract only frames at/before frozen event; do not include decision/outcome labels.
d19a43da80ae0e3ab4207a73a35f317120d37c84,fkZjFHTg3GY-PE-005,fkZjFHTg3GY,2026-09-18,25:33,1533,1413,1473,1503,1528,https://www.youtube.com/watch?v=fkZjFHTg3GY,READY,Extract only frames at/before frozen event; do not include decision/outcome labels.
d19a43da80ae0e3ab4207a73a35f317120d37c84,fkZjFHTg3GY-PE-006,fkZjFHTg3GY,2026-09-18,31:05-32:00,1865,1745,1805,1835,1860,https://www.youtube.com/watch?v=fkZjFHTg3GY,READY,Extract only frames at/before frozen event; do not include decision/outcome labels.
d19a43da80ae0e3ab4207a73a35f317120d37c84,fkZjFHTg3GY-PE-007,fkZjFHTg3GY,2026-09-18,37:24,2244,2124,2184,2214,2239,https://www.youtube.com/watch?v=fkZjFHTg3GY,READY,Extract only frames at/before frozen event; do not include decision/outcome labels.
d19a43da80ae0e3ab4207a73a35f317120d37c84,6trb-6A2t6Q-PE-001,6trb-6A2t6Q,2026-09-17,4:25-6:31,265,145,205,235,260,https://www.youtube.com/watch?v=6trb-6A2t6Q,READY,Extract only frames at/before frozen event; do not include decision/outcome labels.
d19a43da80ae0e3ab4207a73a35f317120d37c84,6trb-6A2t6Q-PE-002,6trb-6A2t6Q,2026-09-17,8:00,480,360,420,450,475,https://www.youtube.com/watch?v=6trb-6A2t6Q,READY,Extract only frames at/before frozen event; do not include decision/outcome labels.
d19a43da80ae0e3ab4207a73a35f317120d37c84,6trb-6A2t6Q-PE-003,6trb-6A2t6Q,2026-09-17,10:19-11:21,619,499,559,589,614,https://www.youtube.com/watch?v=6trb-6A2t6Q,READY,Extract only frames at/before frozen event; do not include decision/outcome labels.
d19a43da80ae0e3ab4207a73a35f317120d37c84,6trb-6A2t6Q-PE-004,6trb-6A2t6Q,2026-09-17,12:33,753,633,693,723,748,https://www.youtube.com/watch?v=6trb-6A2t6Q,READY,Extract only frames at/before frozen event; do not include decision/outcome labels.
d19a43da80ae0e3ab4207a73a35f317120d37c84,6trb-6A2t6Q-PE-005,6trb-6A2t6Q,2026-09-17,20:54,1254,1134,1194,1224,1249,https://www.youtube.com/watch?v=6trb-6A2t6Q,READY,Extract only frames at/before frozen event; do not include decision/outcome labels.
d19a43da80ae0e3ab4207a73a35f317120d37c84,6trb-6A2t6Q-PE-006,6trb-6A2t6Q,2026-09-17,24:00,1440,1320,1380,1410,1435,https://www.youtube.com/watch?v=6trb-6A2t6Q,READY,Extract only frames at/before frozen event; do not include decision/outcome labels.
d19a43da80ae0e3ab4207a73a35f317120d37c84,6trb-6A2t6Q-PE-007,6trb-6A2t6Q,2026-09-17,25:00,1500,1380,1440,1470,1495,https://www.youtube.com/watch?v=6trb-6A2t6Q,READY,Extract only frames at/before frozen event; do not include decision/outcome labels.
d19a43da80ae0e3ab4207a73a35f317120d37c84,6trb-6A2t6Q-PE-008,6trb-6A2t6Q,2026-09-17,28:33-31:00,1713,1593,1653,1683,1708,https://www.youtube.com/watch?v=6trb-6A2t6Q,READY,Extract only frames at/before frozen event; do not include decision/outcome labels.
d19a43da80ae0e3ab4207a73a35f317120d37c84,6trb-6A2t6Q-PE-009,6trb-6A2t6Q,2026-09-17,32:00,1920,1800,1860,1890,1915,https://www.youtube.com/watch?v=6trb-6A2t6Q,READY,Extract only frames at/before frozen event; do not include decision/outcome labels.
d19a43da80ae0e3ab4207a73a35f317120d37c84,6trb-6A2t6Q-PE-010,6trb-6A2t6Q,2026-09-17,37:28-38:29,2248,2128,2188,2218,2243,https://www.youtube.com/watch?v=6trb-6A2t6Q,READY,Extract only frames at/before frozen event; do not include decision/outcome labels.
d19a43da80ae0e3ab4207a73a35f317120d37c84,6trb-6A2t6Q-PE-011,6trb-6A2t6Q,2026-09-17,43:20-45:31,2600,2480,2540,2570,2595,https://www.youtube.com/watch?v=6trb-6A2t6Q,READY,Extract only frames at/before frozen event; do not include decision/outcome labels.
d19a43da80ae0e3ab4207a73a35f317120d37c84,6trb-6A2t6Q-PE-012,6trb-6A2t6Q,2026-09-17,57:00-59:40,3420,3300,3360,3390,3415,https://www.youtube.com/watch?v=6trb-6A2t6Q,READY,Extract only frames at/before frozen event; do not include decision/outcome labels.
d19a43da80ae0e3ab4207a73a35f317120d37c84,6trb-6A2t6Q-PE-013,6trb-6A2t6Q,2026-09-17,61:53-62:53,3713,3593,3653,3683,3708,https://www.youtube.com/watch?v=6trb-6A2t6Q,READY,Extract only frames at/before frozen event; do not include decision/outcome labels.
d19a43da80ae0e3ab4207a73a35f317120d37c84,6trb-6A2t6Q-PE-014,6trb-6A2t6Q,2026-09-17,68:12,4092,3972,4032,4062,4087,https://www.youtube.com/watch?v=6trb-6A2t6Q,READY,Extract only frames at/before frozen event; do not include decision/outcome labels.
d19a43da80ae0e3ab4207a73a35f317120d37c84,y2Oun9g9abk-PE-001,y2Oun9g9abk,2026-09-16,4:55-15:22,295,175,235,265,290,https://www.youtube.com/watch?v=y2Oun9g9abk,READY,Extract only frames at/before frozen event; do not include decision/outcome labels.
d19a43da80ae0e3ab4207a73a35f317120d37c84,y2Oun9g9abk-PE-002,y2Oun9g9abk,2026-09-16,18:09,1089,969,1029,1059,1084,https://www.youtube.com/watch?v=y2Oun9g9abk,READY,Extract only frames at/before frozen event; do not include decision/outcome labels.
d19a43da80ae0e3ab4207a73a35f317120d37c84,y2Oun9g9abk-PE-003,y2Oun9g9abk,2026-09-16,20:27,1227,1107,1167,1197,1222,https://www.youtube.com/watch?v=y2Oun9g9abk,READY,Extract only frames at/before frozen event; do not include decision/outcome labels.
d19a43da80ae0e3ab4207a73a35f317120d37c84,y2Oun9g9abk-PE-004,y2Oun9g9abk,2026-09-16,23:20-24:00,1400,1280,1340,1370,1395,https://www.youtube.com/watch?v=y2Oun9g9abk,READY,Extract only frames at/before frozen event; do not include decision/outcome labels.
d19a43da80ae0e3ab4207a73a35f317120d37c84,y2Oun9g9abk-PE-005,y2Oun9g9abk,2026-09-16,25:13,1513,1393,1453,1483,1508,https://www.youtube.com/watch?v=y2Oun9g9abk,READY,Extract only frames at/before frozen event; do not include decision/outcome labels.
d19a43da80ae0e3ab4207a73a35f317120d37c84,y2Oun9g9abk-PE-006,y2Oun9g9abk,2026-09-16,30:58-34:15,1858,1738,1798,1828,1853,https://www.youtube.com/watch?v=y2Oun9g9abk,READY,Extract only frames at/before frozen event; do not include decision/outcome labels.
d19a43da80ae0e3ab4207a73a35f317120d37c84,y2Oun9g9abk-PE-007,y2Oun9g9abk,2026-09-16,35:19,2119,1999,2059,2089,2114,https://www.youtube.com/watch?v=y2Oun9g9abk,READY,Extract only frames at/before frozen event; do not include decision/outcome labels.
d19a43da80ae0e3ab4207a73a35f317120d37c84,y2Oun9g9abk-PE-008,y2Oun9g9abk,2026-09-16,36:19,2179,2059,2119,2149,2174,https://www.youtube.com/watch?v=y2Oun9g9abk,READY,Extract only frames at/before frozen event; do not include decision/outcome labels.
d19a43da80ae0e3ab4207a73a35f317120d37c84,y2Oun9g9abk-PE-009,y2Oun9g9abk,2026-09-16,46:33-48:00,2793,2673,2733,2763,2788,https://www.youtube.com/watch?v=y2Oun9g9abk,READY,Extract only frames at/before frozen event; do not include decision/outcome labels.
d19a43da80ae0e3ab4207a73a35f317120d37c84,yMdyi-c_Jqk-PB-001,yMdyi-c_Jqk,2026-09-16,11:23-12:24,683,563,623,653,678,https://www.youtube.com/watch?v=yMdyi-c_Jqk,READY,Extract only frames at/before frozen event; do not include decision/outcome labels.
d19a43da80ae0e3ab4207a73a35f317120d37c84,yMdyi-c_Jqk-PB-002,yMdyi-c_Jqk,2026-09-16,11:23-12:24,683,563,623,653,678,https://www.youtube.com/watch?v=yMdyi-c_Jqk,READY,Extract only frames at/before frozen event; do not include decision/outcome labels.
d19a43da80ae0e3ab4207a73a35f317120d37c84,_DK9mCSob5o-PB-001,_DK9mCSob5o,2026-09-15,5:33,333,213,273,303,328,https://www.youtube.com/watch?v=_DK9mCSob5o,READY,Extract only frames at/before frozen event; do not include decision/outcome labels.
d19a43da80ae0e3ab4207a73a35f317120d37c84,_DK9mCSob5o-PB-002,_DK9mCSob5o,2026-09-15,6:35-8:00,395,275,335,365,390,https://www.youtube.com/watch?v=_DK9mCSob5o,READY,Extract only frames at/before frozen event; do not include decision/outcome labels.
d19a43da80ae0e3ab4207a73a35f317120d37c84,_DK9mCSob5o-PB-003,_DK9mCSob5o,2026-09-15,13:49-18:18,829,709,769,799,824,https://www.youtube.com/watch?v=_DK9mCSob5o,READY,Extract only frames at/before frozen event; do not include decision/outcome labels.
d19a43da80ae0e3ab4207a73a35f317120d37c84,_DK9mCSob5o-PB-004,_DK9mCSob5o,2026-09-15,16:00-17:24,960,840,900,930,955,https://www.youtube.com/watch?v=_DK9mCSob5o,READY,Extract only frames at/before frozen event; do not include decision/outcome labels.
d19a43da80ae0e3ab4207a73a35f317120d37c84,_DK9mCSob5o-PB-005,_DK9mCSob5o,2026-09-15,20:18,1218,1098,1158,1188,1213,https://www.youtube.com/watch?v=_DK9mCSob5o,READY,Extract only frames at/before frozen event; do not include decision/outcome labels.
d19a43da80ae0e3ab4207a73a35f317120d37c84,_DK9mCSob5o-PB-006,_DK9mCSob5o,2026-09-15,22:50-26:30,1370,1250,1310,1340,1365,https://www.youtube.com/watch?v=_DK9mCSob5o,READY,Extract only frames at/before frozen event; do not include decision/outcome labels.
d19a43da80ae0e3ab4207a73a35f317120d37c84,_DK9mCSob5o-PB-007,_DK9mCSob5o,2026-09-15,27:32-29:42,1652,1532,1592,1622,1647,https://www.youtube.com/watch?v=_DK9mCSob5o,READY,Extract only frames at/before frozen event; do not include decision/outcome labels.
d19a43da80ae0e3ab4207a73a35f317120d37c84,_DK9mCSob5o-PB-008,_DK9mCSob5o,2026-09-15,33:04-34:09,1984,1864,1924,1954,1979,https://www.youtube.com/watch?v=_DK9mCSob5o,READY,Extract only frames at/before frozen event; do not include decision/outcome labels.
d19a43da80ae0e3ab4207a73a35f317120d37c84,_DK9mCSob5o-PB-009,_DK9mCSob5o,2026-09-15,37:17,2237,2117,2177,2207,2232,https://www.youtube.com/watch?v=_DK9mCSob5o,READY,Extract only frames at/before frozen event; do not include decision/outcome labels.
d19a43da80ae0e3ab4207a73a35f317120d37c84,_DK9mCSob5o-PB-010,_DK9mCSob5o,2026-09-15,42:06,2526,2406,2466,2496,2521,https://www.youtube.com/watch?v=_DK9mCSob5o,READY,Extract only frames at/before frozen event; do not include decision/outcome labels.
d19a43da80ae0e3ab4207a73a35f317120d37c84,_DK9mCSob5o-PB-011,_DK9mCSob5o,2026-09-15,49:40-53:10,2980,2860,2920,2950,2975,https://www.youtube.com/watch?v=_DK9mCSob5o,READY,Extract only frames at/before frozen event; do not include decision/outcome labels.
d19a43da80ae0e3ab4207a73a35f317120d37c84,_DK9mCSob5o-PB-012,_DK9mCSob5o,2026-09-15,59:24,3564,3444,3504,3534,3559,https://www.youtube.com/watch?v=_DK9mCSob5o,READY,Extract only frames at/before frozen event; do not include decision/outcome labels.
d19a43da80ae0e3ab4207a73a35f317120d37c84,_DK9mCSob5o-PB-013,_DK9mCSob5o,2026-09-15,65:02,3902,3782,3842,3872,3897,https://www.youtube.com/watch?v=_DK9mCSob5o,READY,Extract only frames at/before frozen event; do not include decision/outcome labels.
d19a43da80ae0e3ab4207a73a35f317120d37c84,_DK9mCSob5o-PB-014,_DK9mCSob5o,2026-09-15,75:10,4510,4390,4450,4480,4505,https://www.youtube.com/watch?v=_DK9mCSob5o,READY,Extract only frames at/before frozen event; do not include decision/outcome labels.
d19a43da80ae0e3ab4207a73a35f317120d37c84,C18mm9p2oW4-PB-001,C18mm9p2oW4,2026-09-14,3:12,192,72,132,162,187,https://www.youtube.com/watch?v=C18mm9p2oW4,READY,Extract only frames at/before frozen event; do not include decision/outcome labels.
d19a43da80ae0e3ab4207a73a35f317120d37c84,C18mm9p2oW4-PB-002,C18mm9p2oW4,2026-09-14,5:19,319,199,259,289,314,https://www.youtube.com/watch?v=C18mm9p2oW4,READY,Extract only frames at/before frozen event; do not include decision/outcome labels.
d19a43da80ae0e3ab4207a73a35f317120d37c84,C18mm9p2oW4-PB-003,C18mm9p2oW4,2026-09-14,10:59-13:02,659,539,599,629,654,https://www.youtube.com/watch?v=C18mm9p2oW4,READY,Extract only frames at/before frozen event; do not include decision/outcome labels.
d19a43da80ae0e3ab4207a73a35f317120d37c84,C18mm9p2oW4-PB-004,C18mm9p2oW4,2026-09-14,14:21,861,741,801,831,856,https://www.youtube.com/watch?v=C18mm9p2oW4,READY,Extract only frames at/before frozen event; do not include decision/outcome labels.
d19a43da80ae0e3ab4207a73a35f317120d37c84,C18mm9p2oW4-PB-005,C18mm9p2oW4,2026-09-14,14:21-15:22,861,741,801,831,856,https://www.youtube.com/watch?v=C18mm9p2oW4,READY,Extract only frames at/before frozen event; do not include decision/outcome labels.
d19a43da80ae0e3ab4207a73a35f317120d37c84,C18mm9p2oW4-PB-006,C18mm9p2oW4,2026-09-14,24:30-26:37,1470,1350,1410,1440,1465,https://www.youtube.com/watch?v=C18mm9p2oW4,READY,Extract only frames at/before frozen event; do not include decision/outcome labels.
d19a43da80ae0e3ab4207a73a35f317120d37c84,C18mm9p2oW4-PB-007,C18mm9p2oW4,2026-09-14,36:33-37:37,2193,2073,2133,2163,2188,https://www.youtube.com/watch?v=C18mm9p2oW4,READY,Extract only frames at/before frozen event; do not include decision/outcome labels.
d19a43da80ae0e3ab4207a73a35f317120d37c84,C18mm9p2oW4-PB-008,C18mm9p2oW4,2026-09-14,41:37-42:38,2497,2377,2437,2467,2492,https://www.youtube.com/watch?v=C18mm9p2oW4,READY,Extract only frames at/before frozen event; do not include decision/outcome labels.
d19a43da80ae0e3ab4207a73a35f317120d37c84,C18mm9p2oW4-PB-009,C18mm9p2oW4,2026-09-14,47:12-48:30,2832,2712,2772,2802,2827,https://www.youtube.com/watch?v=C18mm9p2oW4,READY,Extract only frames at/before frozen event; do not include decision/outcome labels.
d19a43da80ae0e3ab4207a73a35f317120d37c84,B83jlxwuo10-PB-001,B83jlxwuo10,2026-09-04,10:12-11:16,612,492,552,582,607,https://www.youtube.com/watch?v=B83jlxwuo10,READY,Extract only frames at/before frozen event; do not include decision/outcome labels.
d19a43da80ae0e3ab4207a73a35f317120d37c84,B83jlxwuo10-PB-002,B83jlxwuo10,2026-09-04,14:33-20:11,873,753,813,843,868,https://www.youtube.com/watch?v=B83jlxwuo10,READY,Extract only frames at/before frozen event; do not include decision/outcome labels.
d19a43da80ae0e3ab4207a73a35f317120d37c84,B83jlxwuo10-PB-003,B83jlxwuo10,2026-09-04,22:22,1342,1222,1282,1312,1337,https://www.youtube.com/watch?v=B83jlxwuo10,READY,Extract only frames at/before frozen event; do not include decision/outcome labels.
d19a43da80ae0e3ab4207a73a35f317120d37c84,B83jlxwuo10-PB-004,B83jlxwuo10,2026-09-04,25:02-26:04,1502,1382,1442,1472,1497,https://www.youtube.com/watch?v=B83jlxwuo10,READY,Extract only frames at/before frozen event; do not include decision/outcome labels.
d19a43da80ae0e3ab4207a73a35f317120d37c84,B83jlxwuo10-PB-005,B83jlxwuo10,2026-09-04,29:23-30:27,1763,1643,1703,1733,1758,https://www.youtube.com/watch?v=B83jlxwuo10,READY,Extract only frames at/before frozen event; do not include decision/outcome labels.
d19a43da80ae0e3ab4207a73a35f317120d37c84,B83jlxwuo10-PB-006,B83jlxwuo10,2026-09-04,35:47,2147,2027,2087,2117,2142,https://www.youtube.com/watch?v=B83jlxwuo10,READY,Extract only frames at/before frozen event; do not include decision/outcome labels.
d19a43da80ae0e3ab4207a73a35f317120d37c84,B83jlxwuo10-PB-007,B83jlxwuo10,2026-09-04,43:48-45:55,2628,2508,2568,2598,2623,https://www.youtube.com/watch?v=B83jlxwuo10,READY,Extract only frames at/before frozen event; do not include decision/outcome labels.
d19a43da80ae0e3ab4207a73a35f317120d37c84,B83jlxwuo10-PB-008,B83jlxwuo10,2026-09-04,48:01,2881,2761,2821,2851,2876,https://www.youtube.com/watch?v=B83jlxwuo10,READY,Extract only frames at/before frozen event; do not include decision/outcome labels.
d19a43da80ae0e3ab4207a73a35f317120d37c84,B83jlxwuo10-PB-009,B83jlxwuo10,2026-09-04,53:14,3194,3074,3134,3164,3189,https://www.youtube.com/watch?v=B83jlxwuo10,READY,Extract only frames at/before frozen event; do not include decision/outcome labels.
d19a43da80ae0e3ab4207a73a35f317120d37c84,CKTqdFza1HE-PB2-001,CKTqdFza1HE,2026-09-02,4:21-15:40,261,141,201,231,256,https://www.youtube.com/watch?v=CKTqdFza1HE,READY,Extract only frames at/before frozen event; do not include decision/outcome labels.
d19a43da80ae0e3ab4207a73a35f317120d37c84,CKTqdFza1HE-PB2-002,CKTqdFza1HE,2026-09-02,13:29,809,689,749,779,804,https://www.youtube.com/watch?v=CKTqdFza1HE,READY,Extract only frames at/before frozen event; do not include decision/outcome labels.
d19a43da80ae0e3ab4207a73a35f317120d37c84,CKTqdFza1HE-PB2-003,CKTqdFza1HE,2026-09-02,15:32-16:00,932,812,872,902,927,https://www.youtube.com/watch?v=CKTqdFza1HE,READY,Extract only frames at/before frozen event; do not include decision/outcome labels.
d19a43da80ae0e3ab4207a73a35f317120d37c84,CKTqdFza1HE-PB2-004,CKTqdFza1HE,2026-09-02,21:10,1270,1150,1210,1240,1265,https://www.youtube.com/watch?v=CKTqdFza1HE,READY,Extract only frames at/before frozen event; do not include decision/outcome labels.
d19a43da80ae0e3ab4207a73a35f317120d37c84,CKTqdFza1HE-PB2-005,CKTqdFza1HE,2026-09-02,24:00-26:06,1440,1320,1380,1410,1435,https://www.youtube.com/watch?v=CKTqdFza1HE,READY,Extract only frames at/before frozen event; do not include decision/outcome labels.
d19a43da80ae0e3ab4207a73a35f317120d37c84,CKTqdFza1HE-PB2-006,CKTqdFza1HE,2026-09-02,35:50-38:14,2150,2030,2090,2120,2145,https://www.youtube.com/watch?v=CKTqdFza1HE,READY,Extract only frames at/before frozen event; do not include decision/outcome labels.
d19a43da80ae0e3ab4207a73a35f317120d37c84,CKTqdFza1HE-PB2-007,CKTqdFza1HE,2026-09-02,38:14,2294,2174,2234,2264,2289,https://www.youtube.com/watch?v=CKTqdFza1HE,READY,Extract only frames at/before frozen event; do not include decision/outcome labels.
d19a43da80ae0e3ab4207a73a35f317120d37c84,CKTqdFza1HE-PB2-008,CKTqdFza1HE,2026-09-02,35:50-43:06,2150,2030,2090,2120,2145,https://www.youtube.com/watch?v=CKTqdFza1HE,READY,Extract only frames at/before frozen event; do not include decision/outcome labels.
d19a43da80ae0e3ab4207a73a35f317120d37c84,CKTqdFza1HE-PB2-009,CKTqdFza1HE,2026-09-02,54:39-55:43,3279,3159,3219,3249,3274,https://www.youtube.com/watch?v=CKTqdFza1HE,READY,Extract only frames at/before frozen event; do not include decision/outcome labels.
d19a43da80ae0e3ab4207a73a35f317120d37c84,CKTqdFza1HE-PB2-010,CKTqdFza1HE,2026-09-02,58:05,3485,3365,3425,3455,3480,https://www.youtube.com/watch?v=CKTqdFza1HE,READY,Extract only frames at/before frozen event; do not include decision/outcome labels.
d19a43da80ae0e3ab4207a73a35f317120d37c84,q6wgyFyzIs0-PB2-001,q6wgyFyzIs0,2026-08-31,4:23-6:32,263,143,203,233,258,https://www.youtube.com/watch?v=q6wgyFyzIs0,READY,Extract only frames at/before frozen event; do not include decision/outcome labels.
d19a43da80ae0e3ab4207a73a35f317120d37c84,q6wgyFyzIs0-PB2-002,q6wgyFyzIs0,2026-08-31,12:44,764,644,704,734,759,https://www.youtube.com/watch?v=q6wgyFyzIs0,READY,Extract only frames at/before frozen event; do not include decision/outcome labels.
d19a43da80ae0e3ab4207a73a35f317120d37c84,q6wgyFyzIs0-PB2-003,q6wgyFyzIs0,2026-08-31,20:17,1217,1097,1157,1187,1212,https://www.youtube.com/watch?v=q6wgyFyzIs0,READY,Extract only frames at/before frozen event; do not include decision/outcome labels.
d19a43da80ae0e3ab4207a73a35f317120d37c84,q6wgyFyzIs0-PB2-004,q6wgyFyzIs0,2026-08-31,21:20-22:20,1280,1160,1220,1250,1275,https://www.youtube.com/watch?v=q6wgyFyzIs0,READY,Extract only frames at/before frozen event; do not include decision/outcome labels.
d19a43da80ae0e3ab4207a73a35f317120d37c84,q6wgyFyzIs0-PB2-005,q6wgyFyzIs0,2026-08-31,22:20-23:28,1340,1220,1280,1310,1335,https://www.youtube.com/watch?v=q6wgyFyzIs0,READY,Extract only frames at/before frozen event; do not include decision/outcome labels.
d19a43da80ae0e3ab4207a73a35f317120d37c84,q6wgyFyzIs0-PB2-006,q6wgyFyzIs0,2026-08-31,27:12,1632,1512,1572,1602,1627,https://www.youtube.com/watch?v=q6wgyFyzIs0,READY,Extract only frames at/before frozen event; do not include decision/outcome labels.
d19a43da80ae0e3ab4207a73a35f317120d37c84,q6wgyFyzIs0-PB2-007,q6wgyFyzIs0,2026-08-31,33:51,2031,1911,1971,2001,2026,https://www.youtube.com/watch?v=q6wgyFyzIs0,READY,Extract only frames at/before frozen event; do not include decision/outcome labels.
d19a43da80ae0e3ab4207a73a35f317120d37c84,q6wgyFyzIs0-PB2-008,q6wgyFyzIs0,2026-08-31,46:22-47:27,2782,2662,2722,2752,2777,https://www.youtube.com/watch?v=q6wgyFyzIs0,READY,Extract only frames at/before frozen event; do not include decision/outcome labels.
d19a43da80ae0e3ab4207a73a35f317120d37c84,q6wgyFyzIs0-PB2-009,q6wgyFyzIs0,2026-08-31,47:27-49:00,2847,2727,2787,2817,2842,https://www.youtube.com/watch?v=q6wgyFyzIs0,READY,Extract only frames at/before frozen event; do not include decision/outcome labels.
d19a43da80ae0e3ab4207a73a35f317120d37c84,q6wgyFyzIs0-PB2-010,q6wgyFyzIs0,2026-08-31,60:05-62:07,3605,3485,3545,3575,3600,https://www.youtube.com/watch?v=q6wgyFyzIs0,READY,Extract only frames at/before frozen event; do not include decision/outcome labels.
d19a43da80ae0e3ab4207a73a35f317120d37c84,q6wgyFyzIs0-PB2-011,q6wgyFyzIs0,2026-08-31,63:12-67:17,3792,3672,3732,3762,3787,https://www.youtube.com/watch?v=q6wgyFyzIs0,READY,Extract only frames at/before frozen event; do not include decision/outcome labels.
d19a43da80ae0e3ab4207a73a35f317120d37c84,u7KGSeF2lA0-PB2-001,u7KGSeF2lA0,2026-08-28,8:00-9:03,480,360,420,450,475,https://www.youtube.com/watch?v=u7KGSeF2lA0,READY,Extract only frames at/before frozen event; do not include decision/outcome labels.
d19a43da80ae0e3ab4207a73a35f317120d37c84,u7KGSeF2lA0-PB2-002,u7KGSeF2lA0,2026-08-28,10:03-11:03,603,483,543,573,598,https://www.youtube.com/watch?v=u7KGSeF2lA0,READY,Extract only frames at/before frozen event; do not include decision/outcome labels.
d19a43da80ae0e3ab4207a73a35f317120d37c84,u7KGSeF2lA0-PB2-003,u7KGSeF2lA0,2026-08-28,12:05,725,605,665,695,720,https://www.youtube.com/watch?v=u7KGSeF2lA0,READY,Extract only frames at/before frozen event; do not include decision/outcome labels.
d19a43da80ae0e3ab4207a73a35f317120d37c84,u7KGSeF2lA0-PB2-004,u7KGSeF2lA0,2026-08-28,17:05-19:16,1025,905,965,995,1020,https://www.youtube.com/watch?v=u7KGSeF2lA0,READY,Extract only frames at/before frozen event; do not include decision/outcome labels.
d19a43da80ae0e3ab4207a73a35f317120d37c84,u7KGSeF2lA0-PB2-005,u7KGSeF2lA0,2026-08-28,20:28-22:19,1228,1108,1168,1198,1223,https://www.youtube.com/watch?v=u7KGSeF2lA0,READY,Extract only frames at/before frozen event; do not include decision/outcome labels.
d19a43da80ae0e3ab4207a73a35f317120d37c84,u7KGSeF2lA0-PB2-006,u7KGSeF2lA0,2026-08-28,22:19-25:20,1339,1219,1279,1309,1334,https://www.youtube.com/watch?v=u7KGSeF2lA0,READY,Extract only frames at/before frozen event; do not include decision/outcome labels.
d19a43da80ae0e3ab4207a73a35f317120d37c84,u7KGSeF2lA0-PB2-007,u7KGSeF2lA0,2026-08-28,25:20,1520,1400,1460,1490,1515,https://www.youtube.com/watch?v=u7KGSeF2lA0,READY,Extract only frames at/before frozen event; do not include decision/outcome labels.
d19a43da80ae0e3ab4207a73a35f317120d37c84,u7KGSeF2lA0-PB2-008,u7KGSeF2lA0,2026-08-28,33:07-34:40,1987,1867,1927,1957,1982,https://www.youtube.com/watch?v=u7KGSeF2lA0,READY,Extract only frames at/before frozen event; do not include decision/outcome labels.
d19a43da80ae0e3ab4207a73a35f317120d37c84,u7KGSeF2lA0-PB2-009,u7KGSeF2lA0,2026-08-28,40:00-41:02,2400,2280,2340,2370,2395,https://www.youtube.com/watch?v=u7KGSeF2lA0,READY,Extract only frames at/before frozen event; do not include decision/outcome labels.
d19a43da80ae0e3ab4207a73a35f317120d37c84,u7KGSeF2lA0-PB2-010,u7KGSeF2lA0,2026-08-28,43:19,2599,2479,2539,2569,2594,https://www.youtube.com/watch?v=u7KGSeF2lA0,READY,Extract only frames at/before frozen event; do not include decision/outcome labels.
d19a43da80ae0e3ab4207a73a35f317120d37c84,IQ4J5GJJK5Q-PB2-001,IQ4J5GJJK5Q,2026-08-17,8:00-9:02,480,360,420,450,475,https://www.youtube.com/watch?v=IQ4J5GJJK5Q,READY,Extract only frames at/before frozen event; do not include decision/outcome labels.
d19a43da80ae0e3ab4207a73a35f317120d37c84,IQ4J5GJJK5Q-PB2-002,IQ4J5GJJK5Q,2026-08-17,16:30,990,870,930,960,985,https://www.youtube.com/watch?v=IQ4J5GJJK5Q,READY,Extract only frames at/before frozen event; do not include decision/outcome labels.
d19a43da80ae0e3ab4207a73a35f317120d37c84,IQ4J5GJJK5Q-PB2-003,IQ4J5GJJK5Q,2026-08-17,17:31-18:35,1051,931,991,1021,1046,https://www.youtube.com/watch?v=IQ4J5GJJK5Q,READY,Extract only frames at/before frozen event; do not include decision/outcome labels.
d19a43da80ae0e3ab4207a73a35f317120d37c84,IQ4J5GJJK5Q-PB2-004,IQ4J5GJJK5Q,2026-08-17,19:37-20:38,1177,1057,1117,1147,1172,https://www.youtube.com/watch?v=IQ4J5GJJK5Q,READY,Extract only frames at/before frozen event; do not include decision/outcome labels.
d19a43da80ae0e3ab4207a73a35f317120d37c84,IQ4J5GJJK5Q-PB2-005,IQ4J5GJJK5Q,2026-08-17,22:52,1372,1252,1312,1342,1367,https://www.youtube.com/watch?v=IQ4J5GJJK5Q,READY,Extract only frames at/before frozen event; do not include decision/outcome labels.
d19a43da80ae0e3ab4207a73a35f317120d37c84,IQ4J5GJJK5Q-PB2-006,IQ4J5GJJK5Q,2026-08-17,24:37-29:56,1477,1357,1417,1447,1472,https://www.youtube.com/watch?v=IQ4J5GJJK5Q,READY,Extract only frames at/before frozen event; do not include decision/outcome labels.
d19a43da80ae0e3ab4207a73a35f317120d37c84,JJOGnPBF67I-PB3-001,JJOGnPBF67I,2026-08-17,~9:00-10:40,540,420,480,510,535,https://www.youtube.com/watch?v=JJOGnPBF67I,READY,Extract only frames at/before frozen event; do not include decision/outcome labels.
d19a43da80ae0e3ab4207a73a35f317120d37c84,JJOGnPBF67I-PB3-002,JJOGnPBF67I,2026-08-17,15:30,930,810,870,900,925,https://www.youtube.com/watch?v=JJOGnPBF67I,READY,Extract only frames at/before frozen event; do not include decision/outcome labels.
d19a43da80ae0e3ab4207a73a35f317120d37c84,JJOGnPBF67I-PB3-003,JJOGnPBF67I,2026-08-17,~23:20,1400,1280,1340,1370,1395,https://www.youtube.com/watch?v=JJOGnPBF67I,READY,Extract only frames at/before frozen event; do not include decision/outcome labels.
d19a43da80ae0e3ab4207a73a35f317120d37c84,W2oZdVu2rxE-PB3-001,W2oZdVu2rxE,2026-08-13,9:31-10:31,571,451,511,541,566,https://www.youtube.com/watch?v=W2oZdVu2rxE,READY,Extract only frames at/before frozen event; do not include decision/outcome labels.
d19a43da80ae0e3ab4207a73a35f317120d37c84,W2oZdVu2rxE-PB3-002,W2oZdVu2rxE,2026-08-13,12:22-14:54,742,622,682,712,737,https://www.youtube.com/watch?v=W2oZdVu2rxE,READY,Extract only frames at/before frozen event; do not include decision/outcome labels.
d19a43da80ae0e3ab4207a73a35f317120d37c84,W2oZdVu2rxE-PB3-003,W2oZdVu2rxE,2026-08-13,14:54,894,774,834,864,889,https://www.youtube.com/watch?v=W2oZdVu2rxE,READY,Extract only frames at/before frozen event; do not include decision/outcome labels.
d19a43da80ae0e3ab4207a73a35f317120d37c84,W2oZdVu2rxE-PB3-004,W2oZdVu2rxE,2026-08-13,17:03-18:03,1023,903,963,993,1018,https://www.youtube.com/watch?v=W2oZdVu2rxE,READY,Extract only frames at/before frozen event; do not include decision/outcome labels.
d19a43da80ae0e3ab4207a73a35f317120d37c84,W2oZdVu2rxE-PB3-005,W2oZdVu2rxE,2026-08-13,21:17-22:18,1277,1157,1217,1247,1272,https://www.youtube.com/watch?v=W2oZdVu2rxE,READY,Extract only frames at/before frozen event; do not include decision/outcome labels.
d19a43da80ae0e3ab4207a73a35f317120d37c84,W2oZdVu2rxE-PB3-006,W2oZdVu2rxE,2026-08-13,27:07,1627,1507,1567,1597,1622,https://www.youtube.com/watch?v=W2oZdVu2rxE,READY,Extract only frames at/before frozen event; do not include decision/outcome labels.
d19a43da80ae0e3ab4207a73a35f317120d37c84,W2oZdVu2rxE-PB3-007,W2oZdVu2rxE,2026-08-13,33:24-37:13,2004,1884,1944,1974,1999,https://www.youtube.com/watch?v=W2oZdVu2rxE,READY,Extract only frames at/before frozen event; do not include decision/outcome labels.
d19a43da80ae0e3ab4207a73a35f317120d37c84,W2oZdVu2rxE-PB3-008,W2oZdVu2rxE,2026-08-13,40:36-41:37,2436,2316,2376,2406,2431,https://www.youtube.com/watch?v=W2oZdVu2rxE,READY,Extract only frames at/before frozen event; do not include decision/outcome labels.
d19a43da80ae0e3ab4207a73a35f317120d37c84,W2oZdVu2rxE-PB3-009,W2oZdVu2rxE,2026-08-13,42:38,2558,2438,2498,2528,2553,https://www.youtube.com/watch?v=W2oZdVu2rxE,READY,Extract only frames at/before frozen event; do not include decision/outcome labels.
d19a43da80ae0e3ab4207a73a35f317120d37c84,NIDMLJuBPwk-PB3-001,NIDMLJuBPwk,2026-08-07,15:04-24:00,904,784,844,874,899,https://www.youtube.com/watch?v=NIDMLJuBPwk,READY,Extract only frames at/before frozen event; do not include decision/outcome labels.
d19a43da80ae0e3ab4207a73a35f317120d37c84,NIDMLJuBPwk-PB3-002,NIDMLJuBPwk,2026-08-07,25:04-29:07,1504,1384,1444,1474,1499,https://www.youtube.com/watch?v=NIDMLJuBPwk,READY,Extract only frames at/before frozen event; do not include decision/outcome labels.
d19a43da80ae0e3ab4207a73a35f317120d37c84,NIDMLJuBPwk-PB3-003,NIDMLJuBPwk,2026-08-07,29:07,1747,1627,1687,1717,1742,https://www.youtube.com/watch?v=NIDMLJuBPwk,READY,Extract only frames at/before frozen event; do not include decision/outcome labels.
d19a43da80ae0e3ab4207a73a35f317120d37c84,NIDMLJuBPwk-PB3-004,NIDMLJuBPwk,2026-08-07,34:07-38:29,2047,1927,1987,2017,2042,https://www.youtube.com/watch?v=NIDMLJuBPwk,READY,Extract only frames at/before frozen event; do not include decision/outcome labels.
d19a43da80ae0e3ab4207a73a35f317120d37c84,NIDMLJuBPwk-PB3-005,NIDMLJuBPwk,2026-08-07,41:31,2491,2371,2431,2461,2486,https://www.youtube.com/watch?v=NIDMLJuBPwk,READY,Extract only frames at/before frozen event; do not include decision/outcome labels.
d19a43da80ae0e3ab4207a73a35f317120d37c84,NIDMLJuBPwk-PB3-006,NIDMLJuBPwk,2026-08-07,48:01-53:19,2881,2761,2821,2851,2876,https://www.youtube.com/watch?v=NIDMLJuBPwk,READY,Extract only frames at/before frozen event; do not include decision/outcome labels.
d19a43da80ae0e3ab4207a73a35f317120d37c84,NIDMLJuBPwk-PB3-007,NIDMLJuBPwk,2026-08-07,53:19-57:09,3199,3079,3139,3169,3194,https://www.youtube.com/watch?v=NIDMLJuBPwk,READY,Extract only frames at/before frozen event; do not include decision/outcome labels.
d19a43da80ae0e3ab4207a73a35f317120d37c84,NIDMLJuBPwk-PB3-008,NIDMLJuBPwk,2026-08-07,58:12-59:17,3492,3372,3432,3462,3487,https://www.youtube.com/watch?v=NIDMLJuBPwk,READY,Extract only frames at/before frozen event; do not include decision/outcome labels.
d19a43da80ae0e3ab4207a73a35f317120d37c84,NIDMLJuBPwk-PB3-009,NIDMLJuBPwk,2026-08-07,65:31-66:33,3931,3811,3871,3901,3926,https://www.youtube.com/watch?v=NIDMLJuBPwk,READY,Extract only frames at/before frozen event; do not include decision/outcome labels.
d19a43da80ae0e3ab4207a73a35f317120d37c84,ldrw26fGZOE-PB3-001,ldrw26fGZOE,2026-08-06,1:07-2:14,67,0,7,37,62,https://www.youtube.com/watch?v=ldrw26fGZOE,READY,Extract only frames at/before frozen event; do not include decision/outcome labels.
d19a43da80ae0e3ab4207a73a35f317120d37c84,ldrw26fGZOE-PB3-002,ldrw26fGZOE,2026-08-06,10:11-11:12,611,491,551,581,606,https://www.youtube.com/watch?v=ldrw26fGZOE,READY,Extract only frames at/before frozen event; do not include decision/outcome labels.
d19a43da80ae0e3ab4207a73a35f317120d37c84,ldrw26fGZOE-PB3-003,ldrw26fGZOE,2026-08-06,13:17-16:01,797,677,737,767,792,https://www.youtube.com/watch?v=ldrw26fGZOE,READY,Extract only frames at/before frozen event; do not include decision/outcome labels.
d19a43da80ae0e3ab4207a73a35f317120d37c84,ldrw26fGZOE-PB3-004,ldrw26fGZOE,2026-08-06,13:17-16:01,797,677,737,767,792,https://www.youtube.com/watch?v=ldrw26fGZOE,READY,Extract only frames at/before frozen event; do not include decision/outcome labels.
d19a43da80ae0e3ab4207a73a35f317120d37c84,ldrw26fGZOE-PB3-005,ldrw26fGZOE,2026-08-06,18:07,1087,967,1027,1057,1082,https://www.youtube.com/watch?v=ldrw26fGZOE,READY,Extract only frames at/before frozen event; do not include decision/outcome labels.
d19a43da80ae0e3ab4207a73a35f317120d37c84,ldrw26fGZOE-PB3-006,ldrw26fGZOE,2026-08-06,20:51-22:37,1251,1131,1191,1221,1246,https://www.youtube.com/watch?v=ldrw26fGZOE,READY,Extract only frames at/before frozen event; do not include decision/outcome labels.
d19a43da80ae0e3ab4207a73a35f317120d37c84,ldrw26fGZOE-PB3-007,ldrw26fGZOE,2026-08-06,28:40-29:42,1720,1600,1660,1690,1715,https://www.youtube.com/watch?v=ldrw26fGZOE,READY,Extract only frames at/before frozen event; do not include decision/outcome labels.
d19a43da80ae0e3ab4207a73a35f317120d37c84,ldrw26fGZOE-PB3-008,ldrw26fGZOE,2026-08-06,30:46-32:00,1846,1726,1786,1816,1841,https://www.youtube.com/watch?v=ldrw26fGZOE,READY,Extract only frames at/before frozen event; do not include decision/outcome labels.
d19a43da80ae0e3ab4207a73a35f317120d37c84,ldrw26fGZOE-PB3-009,ldrw26fGZOE,2026-08-06,36:20,2180,2060,2120,2150,2175,https://www.youtube.com/watch?v=ldrw26fGZOE,READY,Extract only frames at/before frozen event; do not include decision/outcome labels.
d19a43da80ae0e3ab4207a73a35f317120d37c84,ldrw26fGZOE-PB3-010,ldrw26fGZOE,2026-08-06,42:28,2548,2428,2488,2518,2543,https://www.youtube.com/watch?v=ldrw26fGZOE,READY,Extract only frames at/before frozen event; do not include decision/outcome labels.
d19a43da80ae0e3ab4207a73a35f317120d37c84,gfP4EW1IfVE-PB4-001,gfP4EW1IfVE,2026-08-06,6:09,369,249,309,339,364,https://www.youtube.com/watch?v=gfP4EW1IfVE,READY,Extract only frames at/before frozen event; do not include decision/outcome labels.
d19a43da80ae0e3ab4207a73a35f317120d37c84,gfP4EW1IfVE-PB4-002,gfP4EW1IfVE,2026-08-06,9:11-11:16,551,431,491,521,546,https://www.youtube.com/watch?v=gfP4EW1IfVE,READY,Extract only frames at/before frozen event; do not include decision/outcome labels.
d19a43da80ae0e3ab4207a73a35f317120d37c84,gfP4EW1IfVE-PB4-003,gfP4EW1IfVE,2026-08-06,9:11-11:16,551,431,491,521,546,https://www.youtube.com/watch?v=gfP4EW1IfVE,READY,Extract only frames at/before frozen event; do not include decision/outcome labels.
d19a43da80ae0e3ab4207a73a35f317120d37c84,gfP4EW1IfVE-PB4-004,gfP4EW1IfVE,2026-08-06,18:25,1105,985,1045,1075,1100,https://www.youtube.com/watch?v=gfP4EW1IfVE,READY,Extract only frames at/before frozen event; do not include decision/outcome labels.
d19a43da80ae0e3ab4207a73a35f317120d37c84,gfP4EW1IfVE-PB4-005,gfP4EW1IfVE,2026-08-06,24:00,1440,1320,1380,1410,1435,https://www.youtube.com/watch?v=gfP4EW1IfVE,READY,Extract only frames at/before frozen event; do not include decision/outcome labels.
d19a43da80ae0e3ab4207a73a35f317120d37c84,gfP4EW1IfVE-PB4-006,gfP4EW1IfVE,2026-08-06,29:53,1793,1673,1733,1763,1788,https://www.youtube.com/watch?v=gfP4EW1IfVE,READY,Extract only frames at/before frozen event; do not include decision/outcome labels.
d19a43da80ae0e3ab4207a73a35f317120d37c84,gfP4EW1IfVE-PB4-007,gfP4EW1IfVE,2026-08-06,43:23-45:33,2603,2483,2543,2573,2598,https://www.youtube.com/watch?v=gfP4EW1IfVE,READY,Extract only frames at/before frozen event; do not include decision/outcome labels.
d19a43da80ae0e3ab4207a73a35f317120d37c84,OCBsHuFhjUQ-PB4-001,OCBsHuFhjUQ,2026-08-05,0:54-1:56,54,0,0,24,49,https://www.youtube.com/watch?v=OCBsHuFhjUQ,READY,Extract only frames at/before frozen event; do not include decision/outcome labels.
d19a43da80ae0e3ab4207a73a35f317120d37c84,OCBsHuFhjUQ-PB4-002,OCBsHuFhjUQ,2026-08-05,4:35-5:37,275,155,215,245,270,https://www.youtube.com/watch?v=OCBsHuFhjUQ,READY,Extract only frames at/before frozen event; do not include decision/outcome labels.
d19a43da80ae0e3ab4207a73a35f317120d37c84,OCBsHuFhjUQ-PB4-003,OCBsHuFhjUQ,2026-08-05,13:41,821,701,761,791,816,https://www.youtube.com/watch?v=OCBsHuFhjUQ,READY,Extract only frames at/before frozen event; do not include decision/outcome labels.
d19a43da80ae0e3ab4207a73a35f317120d37c84,OCBsHuFhjUQ-PB4-004,OCBsHuFhjUQ,2026-08-05,14:44-16:00,884,764,824,854,879,https://www.youtube.com/watch?v=OCBsHuFhjUQ,READY,Extract only frames at/before frozen event; do not include decision/outcome labels.
d19a43da80ae0e3ab4207a73a35f317120d37c84,OCBsHuFhjUQ-PB4-005,OCBsHuFhjUQ,2026-08-05,19:00-22:01,1140,1020,1080,1110,1135,https://www.youtube.com/watch?v=OCBsHuFhjUQ,READY,Extract only frames at/before frozen event; do not include decision/outcome labels.
d19a43da80ae0e3ab4207a73a35f317120d37c84,OCBsHuFhjUQ-PB4-006,OCBsHuFhjUQ,2026-08-05,26:20,1580,1460,1520,1550,1575,https://www.youtube.com/watch?v=OCBsHuFhjUQ,READY,Extract only frames at/before frozen event; do not include decision/outcome labels.
d19a43da80ae0e3ab4207a73a35f317120d37c84,OCBsHuFhjUQ-PB4-007,OCBsHuFhjUQ,2026-08-05,30:37,1837,1717,1777,1807,1832,https://www.youtube.com/watch?v=OCBsHuFhjUQ,READY,Extract only frames at/before frozen event; do not include decision/outcome labels.
d19a43da80ae0e3ab4207a73a35f317120d37c84,OCBsHuFhjUQ-PB4-008,OCBsHuFhjUQ,2026-08-05,33:32,2012,1892,1952,1982,2007,https://www.youtube.com/watch?v=OCBsHuFhjUQ,READY,Extract only frames at/before frozen event; do not include decision/outcome labels.
d19a43da80ae0e3ab4207a73a35f317120d37c84,OCBsHuFhjUQ-PB4-009,OCBsHuFhjUQ,2026-08-05,40:01,2401,2281,2341,2371,2396,https://www.youtube.com/watch?v=OCBsHuFhjUQ,READY,Extract only frames at/before frozen event; do not include decision/outcome labels.
d19a43da80ae0e3ab4207a73a35f317120d37c84,OCBsHuFhjUQ-PB4-010,OCBsHuFhjUQ,2026-08-05,44:32,2672,2552,2612,2642,2667,https://www.youtube.com/watch?v=OCBsHuFhjUQ,READY,Extract only frames at/before frozen event; do not include decision/outcome labels.
d19a43da80ae0e3ab4207a73a35f317120d37c84,OCBsHuFhjUQ-PB4-011,OCBsHuFhjUQ,2026-08-05,48:39-53:38,2919,2799,2859,2889,2914,https://www.youtube.com/watch?v=OCBsHuFhjUQ,READY,Extract only frames at/before frozen event; do not include decision/outcome labels.
d19a43da80ae0e3ab4207a73a35f317120d37c84,OCBsHuFhjUQ-PB4-012,OCBsHuFhjUQ,2026-08-05,55:15,3315,3195,3255,3285,3310,https://www.youtube.com/watch?v=OCBsHuFhjUQ,READY,Extract only frames at/before frozen event; do not include decision/outcome labels.
d19a43da80ae0e3ab4207a73a35f317120d37c84,KsWpzeJhAVk-PB4-001,KsWpzeJhAVk,2026-08-05,1:14-4:51,74,0,14,44,69,https://www.youtube.com/watch?v=KsWpzeJhAVk,READY,Extract only frames at/before frozen event; do not include decision/outcome labels.
d19a43da80ae0e3ab4207a73a35f317120d37c84,KsWpzeJhAVk-PB4-002,KsWpzeJhAVk,2026-08-05,8:34,514,394,454,484,509,https://www.youtube.com/watch?v=KsWpzeJhAVk,READY,Extract only frames at/before frozen event; do not include decision/outcome labels.
d19a43da80ae0e3ab4207a73a35f317120d37c84,KsWpzeJhAVk-PB4-003,KsWpzeJhAVk,2026-08-05,10:45,645,525,585,615,640,https://www.youtube.com/watch?v=KsWpzeJhAVk,READY,Extract only frames at/before frozen event; do not include decision/outcome labels.
d19a43da80ae0e3ab4207a73a35f317120d37c84,KsWpzeJhAVk-PB4-004,KsWpzeJhAVk,2026-08-05,13:17-14:20,797,677,737,767,792,https://www.youtube.com/watch?v=KsWpzeJhAVk,READY,Extract only frames at/before frozen event; do not include decision/outcome labels.
d19a43da80ae0e3ab4207a73a35f317120d37c84,KsWpzeJhAVk-PB4-005,KsWpzeJhAVk,2026-08-05,14:20-17:06,860,740,800,830,855,https://www.youtube.com/watch?v=KsWpzeJhAVk,READY,Extract only frames at/before frozen event; do not include decision/outcome labels.
d19a43da80ae0e3ab4207a73a35f317120d37c84,KsWpzeJhAVk-PB4-006,KsWpzeJhAVk,2026-08-05,18:55,1135,1015,1075,1105,1130,https://www.youtube.com/watch?v=KsWpzeJhAVk,READY,Extract only frames at/before frozen event; do not include decision/outcome labels.
d19a43da80ae0e3ab4207a73a35f317120d37c84,KsWpzeJhAVk-PB4-007,KsWpzeJhAVk,2026-08-05,20:07-25:16,1207,1087,1147,1177,1202,https://www.youtube.com/watch?v=KsWpzeJhAVk,READY,Extract only frames at/before frozen event; do not include decision/outcome labels.
d19a43da80ae0e3ab4207a73a35f317120d37c84,KsWpzeJhAVk-PB4-008,KsWpzeJhAVk,2026-08-05,25:16,1516,1396,1456,1486,1511,https://www.youtube.com/watch?v=KsWpzeJhAVk,READY,Extract only frames at/before frozen event; do not include decision/outcome labels.
d19a43da80ae0e3ab4207a73a35f317120d37c84,KsWpzeJhAVk-PB4-009,KsWpzeJhAVk,2026-08-05,51:52-52:55,3112,2992,3052,3082,3107,https://www.youtube.com/watch?v=KsWpzeJhAVk,READY,Extract only frames at/before frozen event; do not include decision/outcome labels.
d19a43da80ae0e3ab4207a73a35f317120d37c84,EVm0u9Csglk-PB4-001,EVm0u9Csglk,2026-08-04,1:25,85,0,25,55,80,https://www.youtube.com/watch?v=EVm0u9Csglk,READY,Extract only frames at/before frozen event; do not include decision/outcome labels.
d19a43da80ae0e3ab4207a73a35f317120d37c84,EVm0u9Csglk-PB4-002,EVm0u9Csglk,2026-08-04,2:25-3:28,145,25,85,115,140,https://www.youtube.com/watch?v=EVm0u9Csglk,READY,Extract only frames at/before frozen event; do not include decision/outcome labels.
d19a43da80ae0e3ab4207a73a35f317120d37c84,EVm0u9Csglk-PB4-003,EVm0u9Csglk,2026-08-04,15:03-19:35,903,783,843,873,898,https://www.youtube.com/watch?v=EVm0u9Csglk,READY,Extract only frames at/before frozen event; do not include decision/outcome labels.
d19a43da80ae0e3ab4207a73a35f317120d37c84,EVm0u9Csglk-PB4-004,EVm0u9Csglk,2026-08-04,24:01-25:05,1441,1321,1381,1411,1436,https://www.youtube.com/watch?v=EVm0u9Csglk,READY,Extract only frames at/before frozen event; do not include decision/outcome labels.
d19a43da80ae0e3ab4207a73a35f317120d37c84,EVm0u9Csglk-PB4-005,EVm0u9Csglk,2026-08-04,27:22,1642,1522,1582,1612,1637,https://www.youtube.com/watch?v=EVm0u9Csglk,READY,Extract only frames at/before frozen event; do not include decision/outcome labels.
d19a43da80ae0e3ab4207a73a35f317120d37c84,EVm0u9Csglk-PB4-006,EVm0u9Csglk,2026-08-04,34:43,2083,1963,2023,2053,2078,https://www.youtube.com/watch?v=EVm0u9Csglk,READY,Extract only frames at/before frozen event; do not include decision/outcome labels.
d19a43da80ae0e3ab4207a73a35f317120d37c84,EVm0u9Csglk-PB4-007,EVm0u9Csglk,2026-08-04,36:52-37:56,2212,2092,2152,2182,2207,https://www.youtube.com/watch?v=EVm0u9Csglk,READY,Extract only frames at/before frozen event; do not include decision/outcome labels.
d19a43da80ae0e3ab4207a73a35f317120d37c84,EVm0u9Csglk-PB4-008,EVm0u9Csglk,2026-08-04,43:00-44:20,2580,2460,2520,2550,2575,https://www.youtube.com/watch?v=EVm0u9Csglk,READY,Extract only frames at/before frozen event; do not include decision/outcome labels.
d19a43da80ae0e3ab4207a73a35f317120d37c84,EVm0u9Csglk-PB4-009,EVm0u9Csglk,2026-08-04,55:09,3309,3189,3249,3279,3304,https://www.youtube.com/watch?v=EVm0u9Csglk,READY,Extract only frames at/before frozen event; do not include decision/outcome labels.
d19a43da80ae0e3ab4207a73a35f317120d37c84,HwXIifB0P6o-PB5-001,HwXIifB0P6o,2026-08-04,8:01,481,361,421,451,476,https://www.youtube.com/watch?v=HwXIifB0P6o,READY,Extract only frames at/before frozen event; do not include decision/outcome labels.
d19a43da80ae0e3ab4207a73a35f317120d37c84,HwXIifB0P6o-PB5-002,HwXIifB0P6o,2026-08-04,13:12,792,672,732,762,787,https://www.youtube.com/watch?v=HwXIifB0P6o,READY,Extract only frames at/before frozen event; do not include decision/outcome labels.
d19a43da80ae0e3ab4207a73a35f317120d37c84,HwXIifB0P6o-PB5-003,HwXIifB0P6o,2026-08-04,14:19-15:23,859,739,799,829,854,https://www.youtube.com/watch?v=HwXIifB0P6o,READY,Extract only frames at/before frozen event; do not include decision/outcome labels.
d19a43da80ae0e3ab4207a73a35f317120d37c84,HwXIifB0P6o-PB5-004,HwXIifB0P6o,2026-08-04,19:53,1193,1073,1133,1163,1188,https://www.youtube.com/watch?v=HwXIifB0P6o,READY,Extract only frames at/before frozen event; do not include decision/outcome labels.
d19a43da80ae0e3ab4207a73a35f317120d37c84,HwXIifB0P6o-PB5-005,HwXIifB0P6o,2026-08-04,20:56,1256,1136,1196,1226,1251,https://www.youtube.com/watch?v=HwXIifB0P6o,READY,Extract only frames at/before frozen event; do not include decision/outcome labels.
d19a43da80ae0e3ab4207a73a35f317120d37c84,HwXIifB0P6o-PB5-006,HwXIifB0P6o,2026-08-04,28:29,1709,1589,1649,1679,1704,https://www.youtube.com/watch?v=HwXIifB0P6o,READY,Extract only frames at/before frozen event; do not include decision/outcome labels.
d19a43da80ae0e3ab4207a73a35f317120d37c84,HwXIifB0P6o-PB5-007,HwXIifB0P6o,2026-08-04,29:31-30:31,1771,1651,1711,1741,1766,https://www.youtube.com/watch?v=HwXIifB0P6o,READY,Extract only frames at/before frozen event; do not include decision/outcome labels.
d19a43da80ae0e3ab4207a73a35f317120d37c84,HwXIifB0P6o-PB5-008,HwXIifB0P6o,2026-08-04,47:03,2823,2703,2763,2793,2818,https://www.youtube.com/watch?v=HwXIifB0P6o,READY,Extract only frames at/before frozen event; do not include decision/outcome labels.
d19a43da80ae0e3ab4207a73a35f317120d37c84,HOidQitTyAc-PB5-001,HOidQitTyAc,2026-08-03,3:04,184,64,124,154,179,https://www.youtube.com/watch?v=HOidQitTyAc,READY,Extract only frames at/before frozen event; do not include decision/outcome labels.
d19a43da80ae0e3ab4207a73a35f317120d37c84,HOidQitTyAc-PB5-002,HOidQitTyAc,2026-08-03,5:13-6:14,313,193,253,283,308,https://www.youtube.com/watch?v=HOidQitTyAc,READY,Extract only frames at/before frozen event; do not include decision/outcome labels.
d19a43da80ae0e3ab4207a73a35f317120d37c84,HOidQitTyAc-PB5-003,HOidQitTyAc,2026-08-03,14:45-15:45,885,765,825,855,880,https://www.youtube.com/watch?v=HOidQitTyAc,READY,Extract only frames at/before frozen event; do not include decision/outcome labels.
d19a43da80ae0e3ab4207a73a35f317120d37c84,HOidQitTyAc-PB5-004,HOidQitTyAc,2026-08-03,19:38,1178,1058,1118,1148,1173,https://www.youtube.com/watch?v=HOidQitTyAc,READY,Extract only frames at/before frozen event; do not include decision/outcome labels.
d19a43da80ae0e3ab4207a73a35f317120d37c84,HOidQitTyAc-PB5-005,HOidQitTyAc,2026-08-03,24:00-30:03,1440,1320,1380,1410,1435,https://www.youtube.com/watch?v=HOidQitTyAc,READY,Extract only frames at/before frozen event; do not include decision/outcome labels.
d19a43da80ae0e3ab4207a73a35f317120d37c84,HOidQitTyAc-PB5-006,HOidQitTyAc,2026-08-03,31:05,1865,1745,1805,1835,1860,https://www.youtube.com/watch?v=HOidQitTyAc,READY,Extract only frames at/before frozen event; do not include decision/outcome labels.
d19a43da80ae0e3ab4207a73a35f317120d37c84,HOidQitTyAc-PB5-007,HOidQitTyAc,2026-08-03,43:19,2599,2479,2539,2569,2594,https://www.youtube.com/watch?v=HOidQitTyAc,READY,Extract only frames at/before frozen event; do not include decision/outcome labels.
d19a43da80ae0e3ab4207a73a35f317120d37c84,HOidQitTyAc-PB5-008,HOidQitTyAc,2026-08-03,52:09-59:11,3129,3009,3069,3099,3124,https://www.youtube.com/watch?v=HOidQitTyAc,READY,Extract only frames at/before frozen event; do not include decision/outcome labels.
d19a43da80ae0e3ab4207a73a35f317120d37c84,HOidQitTyAc-PB5-009,HOidQitTyAc,2026-08-03,61:20,3680,3560,3620,3650,3675,https://www.youtube.com/watch?v=HOidQitTyAc,READY,Extract only frames at/before frozen event; do not include decision/outcome labels.
d19a43da80ae0e3ab4207a73a35f317120d37c84,HOidQitTyAc-PB5-010,HOidQitTyAc,2026-08-03,70:40-71:41,4240,4120,4180,4210,4235,https://www.youtube.com/watch?v=HOidQitTyAc,READY,Extract only frames at/before frozen event; do not include decision/outcome labels.
d19a43da80ae0e3ab4207a73a35f317120d37c84,aEw6393GE1c-PB5-001,aEw6393GE1c,2026-08-03,pre-stream,,,,,,https://www.youtube.com/watch?v=aEw6393GE1c,MANUAL_PRESTREAM,Pre-stream action: do not synthesize a stream timestamp.
d19a43da80ae0e3ab4207a73a35f317120d37c84,aEw6393GE1c-PB5-002,aEw6393GE1c,2026-08-03,13:37-15:38,817,697,757,787,812,https://www.youtube.com/watch?v=aEw6393GE1c,READY,Extract only frames at/before frozen event; do not include decision/outcome labels.
d19a43da80ae0e3ab4207a73a35f317120d37c84,aEw6393GE1c-PB5-003,aEw6393GE1c,2026-08-03,16:42-17:42,1002,882,942,972,997,https://www.youtube.com/watch?v=aEw6393GE1c,READY,Extract only frames at/before frozen event; do not include decision/outcome labels.
d19a43da80ae0e3ab4207a73a35f317120d37c84,aEw6393GE1c-PB5-004,aEw6393GE1c,2026-08-03,17:42-20:57,1062,942,1002,1032,1057,https://www.youtube.com/watch?v=aEw6393GE1c,READY,Extract only frames at/before frozen event; do not include decision/outcome labels.
d19a43da80ae0e3ab4207a73a35f317120d37c84,aEw6393GE1c-PB5-005,aEw6393GE1c,2026-08-03,23:03,1383,1263,1323,1353,1378,https://www.youtube.com/watch?v=aEw6393GE1c,READY,Extract only frames at/before frozen event; do not include decision/outcome labels.
d19a43da80ae0e3ab4207a73a35f317120d37c84,aEw6393GE1c-PB5-006,aEw6393GE1c,2026-08-03,26:34,1594,1474,1534,1564,1589,https://www.youtube.com/watch?v=aEw6393GE1c,READY,Extract only frames at/before frozen event; do not include decision/outcome labels.
d19a43da80ae0e3ab4207a73a35f317120d37c84,h93tKxejXwQ-PB5-001,h93tKxejXwQ,2026-07-31,3:40-5:52,220,100,160,190,215,https://www.youtube.com/watch?v=h93tKxejXwQ,READY,Extract only frames at/before frozen event; do not include decision/outcome labels.
d19a43da80ae0e3ab4207a73a35f317120d37c84,h93tKxejXwQ-PB5-002,h93tKxejXwQ,2026-07-31,24:21-26:25,1461,1341,1401,1431,1456,https://www.youtube.com/watch?v=h93tKxejXwQ,READY,Extract only frames at/before frozen event; do not include decision/outcome labels.
d19a43da80ae0e3ab4207a73a35f317120d37c84,h93tKxejXwQ-PB5-003,h93tKxejXwQ,2026-07-31,27:29-31:35,1649,1529,1589,1619,1644,https://www.youtube.com/watch?v=h93tKxejXwQ,READY,Extract only frames at/before frozen event; do not include decision/outcome labels.
d19a43da80ae0e3ab4207a73a35f317120d37c84,h93tKxejXwQ-PB5-004,h93tKxejXwQ,2026-07-31,31:35-32:43,1895,1775,1835,1865,1890,https://www.youtube.com/watch?v=h93tKxejXwQ,READY,Extract only frames at/before frozen event; do not include decision/outcome labels.
d19a43da80ae0e3ab4207a73a35f317120d37c84,h93tKxejXwQ-PB5-005,h93tKxejXwQ,2026-07-31,43:03-47:40,2583,2463,2523,2553,2578,https://www.youtube.com/watch?v=h93tKxejXwQ,READY,Extract only frames at/before frozen event; do not include decision/outcome labels.
d19a43da80ae0e3ab4207a73a35f317120d37c84,9D7wgJCdP5c-PB6-001,9D7wgJCdP5c,2026-07-30,5:55,355,235,295,325,350,https://www.youtube.com/watch?v=9D7wgJCdP5c,READY,Extract only frames at/before frozen event; do not include decision/outcome labels.
d19a43da80ae0e3ab4207a73a35f317120d37c84,9D7wgJCdP5c-PB6-002,9D7wgJCdP5c,2026-07-30,8:00-9:01,480,360,420,450,475,https://www.youtube.com/watch?v=9D7wgJCdP5c,READY,Extract only frames at/before frozen event; do not include decision/outcome labels.
d19a43da80ae0e3ab4207a73a35f317120d37c84,9D7wgJCdP5c-PB6-003,9D7wgJCdP5c,2026-07-30,10:18-11:40,618,498,558,588,613,https://www.youtube.com/watch?v=9D7wgJCdP5c,READY,Extract only frames at/before frozen event; do not include decision/outcome labels.
d19a43da80ae0e3ab4207a73a35f317120d37c84,9D7wgJCdP5c-PB6-004,9D7wgJCdP5c,2026-07-30,17:45-18:49,1065,945,1005,1035,1060,https://www.youtube.com/watch?v=9D7wgJCdP5c,READY,Extract only frames at/before frozen event; do not include decision/outcome labels.
d19a43da80ae0e3ab4207a73a35f317120d37c84,9D7wgJCdP5c-PB6-005,9D7wgJCdP5c,2026-07-30,21:51-22:54,1311,1191,1251,1281,1306,https://www.youtube.com/watch?v=9D7wgJCdP5c,READY,Extract only frames at/before frozen event; do not include decision/outcome labels.
d19a43da80ae0e3ab4207a73a35f317120d37c84,9D7wgJCdP5c-PB6-006,9D7wgJCdP5c,2026-07-30,25:05-26:06,1505,1385,1445,1475,1500,https://www.youtube.com/watch?v=9D7wgJCdP5c,READY,Extract only frames at/before frozen event; do not include decision/outcome labels.
d19a43da80ae0e3ab4207a73a35f317120d37c84,9D7wgJCdP5c-PB6-007,9D7wgJCdP5c,2026-07-30,34:51-36:56,2091,1971,2031,2061,2086,https://www.youtube.com/watch?v=9D7wgJCdP5c,READY,Extract only frames at/before frozen event; do not include decision/outcome labels.
d19a43da80ae0e3ab4207a73a35f317120d37c84,9D7wgJCdP5c-PB6-008,9D7wgJCdP5c,2026-07-30,44:44,2684,2564,2624,2654,2679,https://www.youtube.com/watch?v=9D7wgJCdP5c,READY,Extract only frames at/before frozen event; do not include decision/outcome labels.
d19a43da80ae0e3ab4207a73a35f317120d37c84,9D7wgJCdP5c-PB6-009,9D7wgJCdP5c,2026-07-30,46:47-47:56,2807,2687,2747,2777,2802,https://www.youtube.com/watch?v=9D7wgJCdP5c,READY,Extract only frames at/before frozen event; do not include decision/outcome labels.
d19a43da80ae0e3ab4207a73a35f317120d37c84,MbUagftbsIw-PB6-001,MbUagftbsIw,2026-07-29,1:50-6:03,110,0,50,80,105,https://www.youtube.com/watch?v=MbUagftbsIw,READY,Extract only frames at/before frozen event; do not include decision/outcome labels.
d19a43da80ae0e3ab4207a73a35f317120d37c84,MbUagftbsIw-PB6-002,MbUagftbsIw,2026-07-29,8:41-9:44,521,401,461,491,516,https://www.youtube.com/watch?v=MbUagftbsIw,READY,Extract only frames at/before frozen event; do not include decision/outcome labels.
d19a43da80ae0e3ab4207a73a35f317120d37c84,MbUagftbsIw-PB6-003,MbUagftbsIw,2026-07-29,10:46,646,526,586,616,641,https://www.youtube.com/watch?v=MbUagftbsIw,READY,Extract only frames at/before frozen event; do not include decision/outcome labels.
d19a43da80ae0e3ab4207a73a35f317120d37c84,MbUagftbsIw-PB6-004,MbUagftbsIw,2026-07-29,22:32,1352,1232,1292,1322,1347,https://www.youtube.com/watch?v=MbUagftbsIw,READY,Extract only frames at/before frozen event; do not include decision/outcome labels.
d19a43da80ae0e3ab4207a73a35f317120d37c84,MbUagftbsIw-PB6-005,MbUagftbsIw,2026-07-29,23:34-24:47,1414,1294,1354,1384,1409,https://www.youtube.com/watch?v=MbUagftbsIw,READY,Extract only frames at/before frozen event; do not include decision/outcome labels.
d19a43da80ae0e3ab4207a73a35f317120d37c84,MbUagftbsIw-PB6-006,MbUagftbsIw,2026-07-29,31:42,1902,1782,1842,1872,1897,https://www.youtube.com/watch?v=MbUagftbsIw,READY,Extract only frames at/before frozen event; do not include decision/outcome labels.
d19a43da80ae0e3ab4207a73a35f317120d37c84,MbUagftbsIw-PB6-007,MbUagftbsIw,2026-07-29,37:37,2257,2137,2197,2227,2252,https://www.youtube.com/watch?v=MbUagftbsIw,READY,Extract only frames at/before frozen event; do not include decision/outcome labels.
d19a43da80ae0e3ab4207a73a35f317120d37c84,2c249LLRY_Q-PB6-001,2c249LLRY_Q,2026-07-29,3:17-12:43,197,77,137,167,192,https://www.youtube.com/watch?v=2c249LLRY_Q,READY,Extract only frames at/before frozen event; do not include decision/outcome labels.
d19a43da80ae0e3ab4207a73a35f317120d37c84,2c249LLRY_Q-PB6-002,2c249LLRY_Q,2026-07-29,9:39,579,459,519,549,574,https://www.youtube.com/watch?v=2c249LLRY_Q,READY,Extract only frames at/before frozen event; do not include decision/outcome labels.
d19a43da80ae0e3ab4207a73a35f317120d37c84,2c249LLRY_Q-PB6-003,2c249LLRY_Q,2026-07-29,12:43-18:16,763,643,703,733,758,https://www.youtube.com/watch?v=2c249LLRY_Q,READY,Extract only frames at/before frozen event; do not include decision/outcome labels.
d19a43da80ae0e3ab4207a73a35f317120d37c84,2c249LLRY_Q-PB6-004,2c249LLRY_Q,2026-07-29,3:17-33:50,197,77,137,167,192,https://www.youtube.com/watch?v=2c249LLRY_Q,READY,Extract only frames at/before frozen event; do not include decision/outcome labels.
d19a43da80ae0e3ab4207a73a35f317120d37c84,2c249LLRY_Q-PB6-005,2c249LLRY_Q,2026-07-29,30:31,1831,1711,1771,1801,1826,https://www.youtube.com/watch?v=2c249LLRY_Q,READY,Extract only frames at/before frozen event; do not include decision/outcome labels.
d19a43da80ae0e3ab4207a73a35f317120d37c84,suuicaoUvDQ-PB6-001,suuicaoUvDQ,2026-07-28,3:32-6:28,212,92,152,182,207,https://www.youtube.com/watch?v=suuicaoUvDQ,READY,Extract only frames at/before frozen event; do not include decision/outcome labels.
d19a43da80ae0e3ab4207a73a35f317120d37c84,suuicaoUvDQ-PB6-002,suuicaoUvDQ,2026-07-28,8:28-12:48,508,388,448,478,503,https://www.youtube.com/watch?v=suuicaoUvDQ,READY,Extract only frames at/before frozen event; do not include decision/outcome labels.
d19a43da80ae0e3ab4207a73a35f317120d37c84,suuicaoUvDQ-PB6-003,suuicaoUvDQ,2026-07-28,12:48,768,648,708,738,763,https://www.youtube.com/watch?v=suuicaoUvDQ,READY,Extract only frames at/before frozen event; do not include decision/outcome labels.
d19a43da80ae0e3ab4207a73a35f317120d37c84,suuicaoUvDQ-PB6-004,suuicaoUvDQ,2026-07-28,20:51-21:59,1251,1131,1191,1221,1246,https://www.youtube.com/watch?v=suuicaoUvDQ,READY,Extract only frames at/before frozen event; do not include decision/outcome labels.
d19a43da80ae0e3ab4207a73a35f317120d37c84,suuicaoUvDQ-PB6-005,suuicaoUvDQ,2026-07-28,21:59-25:04,1319,1199,1259,1289,1314,https://www.youtube.com/watch?v=suuicaoUvDQ,READY,Extract only frames at/before frozen event; do not include decision/outcome labels.
d19a43da80ae0e3ab4207a73a35f317120d37c84,suuicaoUvDQ-PB6-006,suuicaoUvDQ,2026-07-28,27:18,1638,1518,1578,1608,1633,https://www.youtube.com/watch?v=suuicaoUvDQ,READY,Extract only frames at/before frozen event; do not include decision/outcome labels.
d19a43da80ae0e3ab4207a73a35f317120d37c84,suuicaoUvDQ-PB6-007,suuicaoUvDQ,2026-07-28,29:30-42:10,1770,1650,1710,1740,1765,https://www.youtube.com/watch?v=suuicaoUvDQ,READY,Extract only frames at/before frozen event; do not include decision/outcome labels.
d19a43da80ae0e3ab4207a73a35f317120d37c84,suuicaoUvDQ-PB6-008,suuicaoUvDQ,2026-07-28,43:32,2612,2492,2552,2582,2607,https://www.youtube.com/watch?v=suuicaoUvDQ,READY,Extract only frames at/before frozen event; do not include decision/outcome labels.
d19a43da80ae0e3ab4207a73a35f317120d37c84,suuicaoUvDQ-PB6-009,suuicaoUvDQ,2026-07-28,47:00-50:26,2820,2700,2760,2790,2815,https://www.youtube.com/watch?v=suuicaoUvDQ,READY,Extract only frames at/before frozen event; do not include decision/outcome labels.
d19a43da80ae0e3ab4207a73a35f317120d37c84,suuicaoUvDQ-PB6-010,suuicaoUvDQ,2026-07-28,60:27,3627,3507,3567,3597,3622,https://www.youtube.com/watch?v=suuicaoUvDQ,READY,Extract only frames at/before frozen event; do not include decision/outcome labels.
d19a43da80ae0e3ab4207a73a35f317120d37c84,wQ5uxbmLlM4-PB7-001,wQ5uxbmLlM4,2026-07-27,3:18,198,78,138,168,193,https://www.youtube.com/watch?v=wQ5uxbmLlM4,READY,Extract only frames at/before frozen event; do not include decision/outcome labels.
d19a43da80ae0e3ab4207a73a35f317120d37c84,wQ5uxbmLlM4-PB7-002,wQ5uxbmLlM4,2026-07-27,5:28-7:34,328,208,268,298,323,https://www.youtube.com/watch?v=wQ5uxbmLlM4,READY,Extract only frames at/before frozen event; do not include decision/outcome labels.
d19a43da80ae0e3ab4207a73a35f317120d37c84,wQ5uxbmLlM4-PB7-003,wQ5uxbmLlM4,2026-07-27,21:57-30:15,1317,1197,1257,1287,1312,https://www.youtube.com/watch?v=wQ5uxbmLlM4,READY,Extract only frames at/before frozen event; do not include decision/outcome labels.
d19a43da80ae0e3ab4207a73a35f317120d37c84,wQ5uxbmLlM4-PB7-004,wQ5uxbmLlM4,2026-07-27,39:10-42:24,2350,2230,2290,2320,2345,https://www.youtube.com/watch?v=wQ5uxbmLlM4,READY,Extract only frames at/before frozen event; do not include decision/outcome labels.
d19a43da80ae0e3ab4207a73a35f317120d37c84,wQ5uxbmLlM4-PB7-005,wQ5uxbmLlM4,2026-07-27,46:55-50:51,2815,2695,2755,2785,2810,https://www.youtube.com/watch?v=wQ5uxbmLlM4,READY,Extract only frames at/before frozen event; do not include decision/outcome labels.
d19a43da80ae0e3ab4207a73a35f317120d37c84,m0l1wj9IZ2o-PB7-001,m0l1wj9IZ2o,2026-07-23,0:55-6:06,55,0,0,25,50,https://www.youtube.com/watch?v=m0l1wj9IZ2o,READY,Extract only frames at/before frozen event; do not include decision/outcome labels.
d19a43da80ae0e3ab4207a73a35f317120d37c84,m0l1wj9IZ2o-PB7-002,m0l1wj9IZ2o,2026-07-23,7:12-8:14,432,312,372,402,427,https://www.youtube.com/watch?v=m0l1wj9IZ2o,READY,Extract only frames at/before frozen event; do not include decision/outcome labels.
d19a43da80ae0e3ab4207a73a35f317120d37c84,m0l1wj9IZ2o-PB7-003,m0l1wj9IZ2o,2026-07-23,9:48,588,468,528,558,583,https://www.youtube.com/watch?v=m0l1wj9IZ2o,READY,Extract only frames at/before frozen event; do not include decision/outcome labels.
d19a43da80ae0e3ab4207a73a35f317120d37c84,m0l1wj9IZ2o-PB7-004,m0l1wj9IZ2o,2026-07-23,18:28-21:43,1108,988,1048,1078,1103,https://www.youtube.com/watch?v=m0l1wj9IZ2o,READY,Extract only frames at/before frozen event; do not include decision/outcome labels.
d19a43da80ae0e3ab4207a73a35f317120d37c84,m0l1wj9IZ2o-PB7-005,m0l1wj9IZ2o,2026-07-23,20:41-21:43,1241,1121,1181,1211,1236,https://www.youtube.com/watch?v=m0l1wj9IZ2o,READY,Extract only frames at/before frozen event; do not include decision/outcome labels.
d19a43da80ae0e3ab4207a73a35f317120d37c84,m0l1wj9IZ2o-PB7-006,m0l1wj9IZ2o,2026-07-23,38:38-53:14,2318,2198,2258,2288,2313,https://www.youtube.com/watch?v=m0l1wj9IZ2o,READY,Extract only frames at/before frozen event; do not include decision/outcome labels.
d19a43da80ae0e3ab4207a73a35f317120d37c84,M078bAYBc-E-PB7-001,M078bAYBc-E,2026-07-22,12:14,734,614,674,704,729,https://www.youtube.com/watch?v=M078bAYBc-E,READY,Extract only frames at/before frozen event; do not include decision/outcome labels.
d19a43da80ae0e3ab4207a73a35f317120d37c84,M078bAYBc-E-PB7-002,M078bAYBc-E,2026-07-22,16:00-17:42,960,840,900,930,955,https://www.youtube.com/watch?v=M078bAYBc-E,READY,Extract only frames at/before frozen event; do not include decision/outcome labels.
d19a43da80ae0e3ab4207a73a35f317120d37c84,M078bAYBc-E-PB7-003,M078bAYBc-E,2026-07-22,25:40-29:00,1540,1420,1480,1510,1535,https://www.youtube.com/watch?v=M078bAYBc-E,READY,Extract only frames at/before frozen event; do not include decision/outcome labels.
d19a43da80ae0e3ab4207a73a35f317120d37c84,M078bAYBc-E-PB7-004,M078bAYBc-E,2026-07-22,46:24-54:40,2784,2664,2724,2754,2779,https://www.youtube.com/watch?v=M078bAYBc-E,READY,Extract only frames at/before frozen event; do not include decision/outcome labels.
d19a43da80ae0e3ab4207a73a35f317120d37c84,M078bAYBc-E-PB7-005,M078bAYBc-E,2026-07-22,55:37-56:20,3337,3217,3277,3307,3332,https://www.youtube.com/watch?v=M078bAYBc-E,READY,Extract only frames at/before frozen event; do not include decision/outcome labels.
d19a43da80ae0e3ab4207a73a35f317120d37c84,NPUPkMWzKTE-PB7-001,NPUPkMWzKTE,2026-07-21,6:22-8:00,382,262,322,352,377,https://www.youtube.com/watch?v=NPUPkMWzKTE,READY,Extract only frames at/before frozen event; do not include decision/outcome labels.
d19a43da80ae0e3ab4207a73a35f317120d37c84,NPUPkMWzKTE-PB7-002,NPUPkMWzKTE,2026-07-21,15:00-16:40,900,780,840,870,895,https://www.youtube.com/watch?v=NPUPkMWzKTE,READY,Extract only frames at/before frozen event; do not include decision/outcome labels.
d19a43da80ae0e3ab4207a73a35f317120d37c84,NPUPkMWzKTE-PB7-003,NPUPkMWzKTE,2026-07-21,16:40-18:40,1000,880,940,970,995,https://www.youtube.com/watch?v=NPUPkMWzKTE,READY,Extract only frames at/before frozen event; do not include decision/outcome labels.
d19a43da80ae0e3ab4207a73a35f317120d37c84,NPUPkMWzKTE-PB7-004,NPUPkMWzKTE,2026-07-21,30:56,1856,1736,1796,1826,1851,https://www.youtube.com/watch?v=NPUPkMWzKTE,READY,Extract only frames at/before frozen event; do not include decision/outcome labels.
d19a43da80ae0e3ab4207a73a35f317120d37c84,NPUPkMWzKTE-PB7-005,NPUPkMWzKTE,2026-07-21,39:00-43:54,2340,2220,2280,2310,2335,https://www.youtube.com/watch?v=NPUPkMWzKTE,READY,Extract only frames at/before frozen event; do not include decision/outcome labels.
d19a43da80ae0e3ab4207a73a35f317120d37c84,NPUPkMWzKTE-PB7-006,NPUPkMWzKTE,2026-07-21,~48:20,2900,2780,2840,2870,2895,https://www.youtube.com/watch?v=NPUPkMWzKTE,READY,Extract only frames at/before frozen event; do not include decision/outcome labels.
d19a43da80ae0e3ab4207a73a35f317120d37c84,E2Vu2bndWRc-PB8-001,E2Vu2bndWRc,2026-07-10,1:14-2:19,74,0,14,44,69,https://www.youtube.com/watch?v=E2Vu2bndWRc,READY,Extract only frames at/before frozen event; do not include decision/outcome labels.
d19a43da80ae0e3ab4207a73a35f317120d37c84,E2Vu2bndWRc-PB8-002,E2Vu2bndWRc,2026-07-10,5:53-7:59,353,233,293,323,348,https://www.youtube.com/watch?v=E2Vu2bndWRc,READY,Extract only frames at/before frozen event; do not include decision/outcome labels.
d19a43da80ae0e3ab4207a73a35f317120d37c84,E2Vu2bndWRc-PB8-003,E2Vu2bndWRc,2026-07-10,19:04,1144,1024,1084,1114,1139,https://www.youtube.com/watch?v=E2Vu2bndWRc,READY,Extract only frames at/before frozen event; do not include decision/outcome labels.
d19a43da80ae0e3ab4207a73a35f317120d37c84,E2Vu2bndWRc-PB8-004,E2Vu2bndWRc,2026-07-10,20:08-22:17,1208,1088,1148,1178,1203,https://www.youtube.com/watch?v=E2Vu2bndWRc,READY,Extract only frames at/before frozen event; do not include decision/outcome labels.
d19a43da80ae0e3ab4207a73a35f317120d37c84,E2Vu2bndWRc-PB8-005,E2Vu2bndWRc,2026-07-10,26:28,1588,1468,1528,1558,1583,https://www.youtube.com/watch?v=E2Vu2bndWRc,READY,Extract only frames at/before frozen event; do not include decision/outcome labels.
d19a43da80ae0e3ab4207a73a35f317120d37c84,E2Vu2bndWRc-PB8-006,E2Vu2bndWRc,2026-07-10,40:36,2436,2316,2376,2406,2431,https://www.youtube.com/watch?v=E2Vu2bndWRc,READY,Extract only frames at/before frozen event; do not include decision/outcome labels.
d19a43da80ae0e3ab4207a73a35f317120d37c84,mGJ4dtVjlxE-PB8-001,mGJ4dtVjlxE,2026-07-09,9:20-10:40,560,440,500,530,555,https://www.youtube.com/watch?v=mGJ4dtVjlxE,READY,Extract only frames at/before frozen event; do not include decision/outcome labels.
d19a43da80ae0e3ab4207a73a35f317120d37c84,mGJ4dtVjlxE-PB8-002,mGJ4dtVjlxE,2026-07-09,30:59-32:55,1859,1739,1799,1829,1854,https://www.youtube.com/watch?v=mGJ4dtVjlxE,READY,Extract only frames at/before frozen event; do not include decision/outcome labels.
d19a43da80ae0e3ab4207a73a35f317120d37c84,mGJ4dtVjlxE-PB8-003,mGJ4dtVjlxE,2026-07-09,38:05-41:16,2285,2165,2225,2255,2280,https://www.youtube.com/watch?v=mGJ4dtVjlxE,READY,Extract only frames at/before frozen event; do not include decision/outcome labels.
d19a43da80ae0e3ab4207a73a35f317120d37c84,mGJ4dtVjlxE-PB8-004,mGJ4dtVjlxE,2026-07-09,43:23-45:20,2603,2483,2543,2573,2598,https://www.youtube.com/watch?v=mGJ4dtVjlxE,READY,Extract only frames at/before frozen event; do not include decision/outcome labels.
d19a43da80ae0e3ab4207a73a35f317120d37c84,9d7IHhIAi6M-PB8-001,9d7IHhIAi6M,2026-07-07,4:26-12:19,266,146,206,236,261,https://www.youtube.com/watch?v=9d7IHhIAi6M,READY,Extract only frames at/before frozen event; do not include decision/outcome labels.
d19a43da80ae0e3ab4207a73a35f317120d37c84,9d7IHhIAi6M-PB8-002,9d7IHhIAi6M,2026-07-07,13:44-15:47,824,704,764,794,819,https://www.youtube.com/watch?v=9d7IHhIAi6M,READY,Extract only frames at/before frozen event; do not include decision/outcome labels.
d19a43da80ae0e3ab4207a73a35f317120d37c84,9d7IHhIAi6M-PB8-003,9d7IHhIAi6M,2026-07-07,19:34-24:26,1174,1054,1114,1144,1169,https://www.youtube.com/watch?v=9d7IHhIAi6M,READY,Extract only frames at/before frozen event; do not include decision/outcome labels.
d19a43da80ae0e3ab4207a73a35f317120d37c84,9d7IHhIAi6M-PB8-004,9d7IHhIAi6M,2026-07-07,31:07-32:08,1867,1747,1807,1837,1862,https://www.youtube.com/watch?v=9d7IHhIAi6M,READY,Extract only frames at/before frozen event; do not include decision/outcome labels.
d19a43da80ae0e3ab4207a73a35f317120d37c84,9d7IHhIAi6M-PB8-005,9d7IHhIAi6M,2026-07-07,50:11-60:33,3011,2891,2951,2981,3006,https://www.youtube.com/watch?v=9d7IHhIAi6M,READY,Extract only frames at/before frozen event; do not include decision/outcome labels.
d19a43da80ae0e3ab4207a73a35f317120d37c84,CqEhHmcjeyQ-PB8-001,CqEhHmcjeyQ,2026-07-06,8:39-24:05,519,399,459,489,514,https://www.youtube.com/watch?v=CqEhHmcjeyQ,READY,Extract only frames at/before frozen event; do not include decision/outcome labels.
d19a43da80ae0e3ab4207a73a35f317120d37c84,CqEhHmcjeyQ-PB8-002,CqEhHmcjeyQ,2026-07-06,26:10-27:40,1570,1450,1510,1540,1565,https://www.youtube.com/watch?v=CqEhHmcjeyQ,READY,Extract only frames at/before frozen event; do not include decision/outcome labels.
d19a43da80ae0e3ab4207a73a35f317120d37c84,CqEhHmcjeyQ-PB8-003,CqEhHmcjeyQ,2026-07-06,45:00-46:58,2700,2580,2640,2670,2695,https://www.youtube.com/watch?v=CqEhHmcjeyQ,READY,Extract only frames at/before frozen event; do not include decision/outcome labels.
d19a43da80ae0e3ab4207a73a35f317120d37c84,CqEhHmcjeyQ-PB8-004,CqEhHmcjeyQ,2026-07-06,70:59-72:18,4259,4139,4199,4229,4254,https://www.youtube.com/watch?v=CqEhHmcjeyQ,READY,Extract only frames at/before frozen event; do not include decision/outcome labels.
