source_repo_commit,stream_id,stream_date,stream_timestamp,management_event_id,parent_trade_event_id,management_action,management_reason,decision_tf,evidence_confidence,source_reason_paraphrase
d19a43da80ae0e3ab4207a73a35f317120d37c84,EOBnMz2Y_9k,2026-09-30,55:41,EOBnMz2Y_9k-MG-001,EOBnMz2Y_9k-PE-006,HOLD,RISK_ALREADY_SMALL,M1,medium,He keeps the main short open through a pullback because the risk is already small.
d19a43da80ae0e3ab4207a73a35f317120d37c84,CPGcMydNbbQ,2026-09-29,12:55,CPGcMydNbbQ-MG-001,CPGcMydNbbQ-PE-002,TIGHTEN_STOP,CONFIRMATION_FAILED,M5,high,"The expected M5 close does not occur, so he reduces risk by tightening the stop."
d19a43da80ae0e3ab4207a73a35f317120d37c84,CPGcMydNbbQ,2026-09-29,19:15,CPGcMydNbbQ-MG-002,CPGcMydNbbQ-PE-002,BREAK_EVEN,OPPOSING_CLOSE,M15,high,"With price near the first target, an M15 close against the trade leads him to protect/close around break-even."
d19a43da80ae0e3ab4207a73a35f317120d37c84,CPGcMydNbbQ,2026-09-29,25:06,CPGcMydNbbQ-MG-003,CPGcMydNbbQ-PE-004,BREAK_EVEN,MARKET_MANIPULATED,M1,medium,He describes the market as manipulated and protects the re-entry around break-even.
d19a43da80ae0e3ab4207a73a35f317120d37c84,CPGcMydNbbQ,2026-09-29,31:52-32:00,CPGcMydNbbQ-MG-004,CPGcMydNbbQ-PE-006,TIGHTEN_STOP,CONFIRMATION_FAILED,M3,high,A bad three-minute close causes immediate risk reduction.
d19a43da80ae0e3ab4207a73a35f317120d37c84,CPGcMydNbbQ,2026-09-29,36:23,CPGcMydNbbQ-MG-005,CPGcMydNbbQ-PE-006,STRUCTURAL_PROTECTION,NEW_STRUCTURE,M1,high,"Instead of automatic break-even, he moves protection above a nearby hidden order block so booked/nearby profit can absorb a small remainder risk."
d19a43da80ae0e3ab4207a73a35f317120d37c84,CPGcMydNbbQ,2026-09-29,46:11,CPGcMydNbbQ-MG-006,CPGcMydNbbQ-PE-009,TIGHTEN_STOP,FAVORABLE_MOVE,M1,medium,After a favorable move he says it should no longer be allowed to turn into a loss.
d19a43da80ae0e3ab4207a73a35f317120d37c84,CPGcMydNbbQ,2026-09-29,48:00-49:04,CPGcMydNbbQ-MG-007,CPGcMydNbbQ-PE-009,PARTIAL,TP1_REACHED,M1,high,He identifies a 50-pip TP1/partial area and advises booking there while leaving the remainder structurally managed.
d19a43da80ae0e3ab4207a73a35f317120d37c84,CPGcMydNbbQ,2026-09-29,53:11,CPGcMydNbbQ-MG-008,CPGcMydNbbQ-PE-011,MANUAL_EXIT,OPPOSING_CLOSE,M1,high,"A wickless institutional bullish push invalidates the short premise, so he exits rather than waiting for the original stop."
d19a43da80ae0e3ab4207a73a35f317120d37c84,WUblCihXgPU,2026-09-28,26:06,WUblCihXgPU-MG-001,WUblCihXgPU-PE-008,TIGHTEN_STOP,FAVORABLE_MOVE,M1,medium,He draws a protection line and tightens risk so the countertrend scalp does not return as a full loss.
d19a43da80ae0e3ab4207a73a35f317120d37c84,WUblCihXgPU,2026-09-28,30:32-32:00,WUblCihXgPU-MG-002,WUblCihXgPU-PE-009,TIGHTEN_STOP,FAVORABLE_MOVE,M1,medium,"As the re-entry moves in favor, he progressively raises the stop and identifies the first profit area."
d19a43da80ae0e3ab4207a73a35f317120d37c84,WUblCihXgPU,2026-09-28,54:35,WUblCihXgPU-MG-003,WUblCihXgPU-PE-012,BREAK_EVEN,NEW_STRUCTURE,M1/M5,high,"After an FVG forms in the trade direction, he says orders are increasing in the sell and moves the position to break-even."
d19a43da80ae0e3ab4207a73a35f317120d37c84,WUblCihXgPU,2026-09-28,58:04,WUblCihXgPU-MG-004,WUblCihXgPU-PE-012,PARTIAL,TP1_REACHED,M1,high,He explicitly books the first profit and leaves the rest for the lower target.
d19a43da80ae0e3ab4207a73a35f317120d37c84,1E65DgTFxe0,2026-09-25,41:36,1E65DgTFxe0-MG-001,1E65DgTFxe0-PE-001,PARTIAL,TARGET_LIQUIDITY_REACHED,H1,high,He describes partial closing at an intermediate low while retaining a runner toward the larger equal-low target.
d19a43da80ae0e3ab4207a73a35f317120d37c84,1E65DgTFxe0,2026-09-25,27:03,1E65DgTFxe0-MG-002,1E65DgTFxe0-PE-006,PARTIAL,TP1_REACHED,M1/M15,high,The first target is booked on the continuation re-entry.
d19a43da80ae0e3ab4207a73a35f317120d37c84,1E65DgTFxe0,2026-09-25,27:03-35:13,1E65DgTFxe0-MG-003,1E65DgTFxe0-PE-006,BREAK_EVEN,TP1_REACHED,M1/M15,high,"After TP1, he makes the remaining entry free / moves protection to approximately break-even."
d19a43da80ae0e3ab4207a73a35f317120d37c84,U5CphnzaXio,2026-09-24,22:12,U5CphnzaXio-MG-001,U5CphnzaXio-PE-003,HOLD,HTF_CLOSE_PENDING,M30,high,He refuses to move to break-even before the M30 close because a spike can still occur.
d19a43da80ae0e3ab4207a73a35f317120d37c84,U5CphnzaXio,2026-09-24,27:11,U5CphnzaXio-MG-002,U5CphnzaXio-PE-003,BREAK_EVEN,HTF_CLOSE_CONFIRMED,M30,high,"After the confirming higher-timeframe close and favorable move, he places break-even protection."
d19a43da80ae0e3ab4207a73a35f317120d37c84,U5CphnzaXio,2026-09-24,46:31,U5CphnzaXio-MG-003,U5CphnzaXio-PE-006,BREAK_EVEN,FAVORABLE_MOVE,M1,low,For the re-sell instruction he says anyone in it can close/protect around break-even.
d19a43da80ae0e3ab4207a73a35f317120d37c84,OpMzvMNNrHM,2026-09-23,21:38,OpMzvMNNrHM-MG-001,OpMzvMNNrHM-PE-002,PARTIAL,TP1_REACHED,M1,high,He identifies the partial-closing area and says profit should be booked there.
d19a43da80ae0e3ab4207a73a35f317120d37c84,OpMzvMNNrHM,2026-09-23,29:19,OpMzvMNNrHM-MG-002,OpMzvMNNrHM-PE-002,PARTIAL,RISK_REDUCTION_AFTER_LARGE_MOVE,M1,medium,"Despite further downside potential, he advises closing the maximum after the large move rather than holding full size."
d19a43da80ae0e3ab4207a73a35f317120d37c84,OpMzvMNNrHM,2026-09-23,19:35,OpMzvMNNrHM-MG-003,OpMzvMNNrHM-PE-003,PARTIAL,TP1_REACHED,M1/M3,high,The confirmation entry reaches the designated partial-closing area and he instructs booking part.
d19a43da80ae0e3ab4207a73a35f317120d37c84,OpMzvMNNrHM,2026-09-23,57:01,OpMzvMNNrHM-MG-004,OpMzvMNNrHM-PE-009,PARTIAL,TP1_PLAN,M1,medium,For the tight-stop re-entry he defines separate first and final targets and instructs use of the first target for profit-taking.
d19a43da80ae0e3ab4207a73a35f317120d37c84,qTSedn6hEp8,2026-09-21,14:42,qTSedn6hEp8-MG-001,qTSedn6hEp8-PE-003,TIGHTEN_STOP,RANGE_RISK,M1,medium,"Because the trade is in a range, he discusses making it risk-free or closing it small rather than leaving full risk."
d19a43da80ae0e3ab4207a73a35f317120d37c84,qTSedn6hEp8,2026-09-21,20:24,qTSedn6hEp8-MG-002,qTSedn6hEp8-PE-003,MANUAL_EXIT,OPPOSING_CLOSE,M5,high,A five-minute push/rejection against the short leads him to exit around break-even instead of waiting for the structural stop.
d19a43da80ae0e3ab4207a73a35f317120d37c84,qTSedn6hEp8,2026-09-21,48:20,qTSedn6hEp8-MG-003,qTSedn6hEp8-PE-008,BREAK_EVEN,FAVORABLE_MOVE,M1,medium,The long is protected around entry after favorable movement.
d19a43da80ae0e3ab4207a73a35f317120d37c84,qTSedn6hEp8,2026-09-21,58:09,qTSedn6hEp8-MG-004,qTSedn6hEp8-PE-011,PARTIAL,TP1_PLAN,H1/M30,high,"Because the stop is large, he explicitly uses a first target around 1:1 and reduced exposure."
d19a43da80ae0e3ab4207a73a35f317120d37c84,fkZjFHTg3GY,2026-09-18,33:03-34:08,fkZjFHTg3GY-MG-001,fkZjFHTg3GY-PE-006,MANUAL_EXIT,OPPOSING_CLOSE,M5,high,"Two bearish five-minute closes contradict the long, so he plans an immediate exit instead of holding the original stop."
d19a43da80ae0e3ab4207a73a35f317120d37c84,6trb-6A2t6Q,2026-09-17,35:20,6trb-6A2t6Q-MG-001,6trb-6A2t6Q-PE-008,TIGHTEN_STOP,FAVORABLE_MOVE,M1,medium,He tightens the first long as price moves favorably.
d19a43da80ae0e3ab4207a73a35f317120d37c84,6trb-6A2t6Q,2026-09-17,41:04,6trb-6A2t6Q-MG-002,6trb-6A2t6Q-PE-008,BREAK_EVEN,FAVORABLE_MOVE,M1,high,The first long is made risk-free / break-even after favorable movement.
d19a43da80ae0e3ab4207a73a35f317120d37c84,6trb-6A2t6Q,2026-09-17,48:00,6trb-6A2t6Q-MG-003,6trb-6A2t6Q-PE-008,EXTEND_TARGET,NEW_STRUCTURE,M1/H1,medium,He raises the final target because a break of the nearby area could open the path to the high.
d19a43da80ae0e3ab4207a73a35f317120d37c84,6trb-6A2t6Q,2026-09-17,34:15,6trb-6A2t6Q-MG-004,6trb-6A2t6Q-PE-009,MANUAL_EXIT,SCALP_PROFIT_AVAILABLE,M1,high,He closes the add-on manually after a small favorable scalp instead of insisting on the plotted target.
d19a43da80ae0e3ab4207a73a35f317120d37c84,6trb-6A2t6Q,2026-09-17,60:47-62:53,6trb-6A2t6Q-MG-005,6trb-6A2t6Q-PE-013,BREAK_EVEN,FIRST_REACTION_LEVEL_PASSED,M15,medium,He plans to make the M15 trap long risk-free once price passes the first reaction level around 4360-4362.
d19a43da80ae0e3ab4207a73a35f317120d37c84,y2Oun9g9abk,2026-09-16,22:16,y2Oun9g9abk-MG-001,y2Oun9g9abk-PE-003,PARTIAL,TP1_REACHED,M1/M3,high,He books the first post-news target and keeps a remaining position for the upper area.
d19a43da80ae0e3ab4207a73a35f317120d37c84,y2Oun9g9abk,2026-09-16,24:00,y2Oun9g9abk-MG-002,y2Oun9g9abk-PE-003,BREAK_EVEN,TP1_REACHED,M1/M3,high,After taking profit he moves the remaining news trade to break-even.
d19a43da80ae0e3ab4207a73a35f317120d37c84,y2Oun9g9abk,2026-09-16,37:21-39:26,y2Oun9g9abk-MG-003,y2Oun9g9abk-PE-008,BREAK_EVEN,FAVORABLE_MOVE,M1,high,For the aggressive post-news short he states the rule to move to break-even around 1:1 and applies protection.
