source_repo_commit,stream_id,stream_date,stream_timestamp,chart_timestamp_if_known,instrument,decision_event_id,actor_scope,evidence_confidence,session,session_phase,news_state,special_context,daily_bias,h4_bias,h1_bias,bias_alignment,htf_close_pending,htf_close_effect,location_present,location_types,location_position,interaction_type,retail_liquidity_taken,smart_money_poi_present,confirmation_type,confirmation_tf,confirmation_quality,close_based,second_confirmation,late_or_chasing,logical_stop_present,stop_basis,stop_size_comment,barrier_before_target,execution_style,risk_class,risk_modifiers,pre_entry_decision,decision_reason,source_reason_paraphrase
d19a43da80ae0e3ab4207a73a35f317120d37c84,CKTqdFza1HE,2026-09-02,4:21-15:40,UNKNOWN,XAUUSD,CKTqdFza1HE-PB2-001,BADAR,medium,NY,UNKNOWN,UNKNOWN,NONE,UNKNOWN,UNKNOWN,UNKNOWN,UNKNOWN,NONE,NOT_YET,APPROACHING,H1_FVG|SELL_LIMIT_ZONE,TOP,RETRACE_TO_POI,UNCLEAR,UNCLEAR,NONE,UNKNOWN,NOT_YET,UNCLEAR,NO,NO,YES,ZONE,,UNCLEAR,NONE,UNKNOWN,,WAIT,WAIT_LIMIT_ZONE,He places/retypes sell limits far above current price and waits; price never reaches the planned zone.
d19a43da80ae0e3ab4207a73a35f317120d37c84,CKTqdFza1HE,2026-09-02,13:29,UNKNOWN,XAUUSD,CKTqdFza1HE-PB2-002,BADAR,medium,NY,UNKNOWN,UNKNOWN,NONE,UNKNOWN,UNKNOWN,BULL,ALIGNED,M15,NOT_YET,APPROACHING,M15_LOW|OB,UNKNOWN,NONE,UNCLEAR,UNCLEAR,NONE,UNKNOWN,NOT_YET,UNCLEAR,NO,NO,UNCLEAR,UNKNOWN,,UNCLEAR,NONE,UNKNOWN,,WAIT,WAIT_HTF_CLOSE,He says a second M15 candle at the low could create a good trade and waits for that point.
d19a43da80ae0e3ab4207a73a35f317120d37c84,CKTqdFza1HE,2026-09-02,15:32-16:00,UNKNOWN,XAUUSD,CKTqdFza1HE-PB2-003,BADAR,medium,NY,UNKNOWN,UNKNOWN,NONE,UNKNOWN,UNKNOWN,BULL,ALIGNED,NONE,NOT_YET,YES,OTHER,UNKNOWN,NONE,UNCLEAR,UNCLEAR,DOUBLE_CONFIRMATION,M3,STRONG,UNCLEAR,NO,NO,YES,UNKNOWN,Required stop is about 100 pips.,UNCLEAR,NONE,SKIP,LARGE_STOP,NO_TRADE,NO_TRADE_BIG_STOP,"Even with two good M3 signs in the same place, he skips because the stop would be around 100 pips."
d19a43da80ae0e3ab4207a73a35f317120d37c84,CKTqdFza1HE,2026-09-02,21:10,UNKNOWN,XAUUSD,CKTqdFza1HE-PB2-004,BADAR,medium,NY,UNKNOWN,UNKNOWN,NONE,UNKNOWN,UNKNOWN,BULL,COUNTERTREND,NONE,NOT_YET,YES,OTHER,UNKNOWN,NONE,UNCLEAR,UNCLEAR,TWO_CANDLE_REJECTION,M15,WEAK,UNCLEAR,NO,NO,UNCLEAR,UNKNOWN,,UNCLEAR,NONE,SKIP,,NO_TRADE,NO_TRADE_COUNTERTREND_NO_SWEEP,He rejects an M15 two-candle-rejection sell because he does not see a sweep and short-term trend is buying.
d19a43da80ae0e3ab4207a73a35f317120d37c84,CKTqdFza1HE,2026-09-02,24:00-26:06,UNKNOWN,XAUUSD,CKTqdFza1HE-PB2-005,BADAR,medium,NY,UNKNOWN,UNKNOWN,NONE,UNKNOWN,UNKNOWN,BULL,ALIGNED,NONE,NOT_YET,APPROACHING,M15_OB|TRENDLINE,UNKNOWN,NONE,UNCLEAR,UNCLEAR,MOMENTUM_CLOSE,M1,NOT_YET,UNCLEAR,NO,NO,UNCLEAR,UNKNOWN,,UNCLEAR,NONE,UNKNOWN,,WAIT,WAIT_LOCATION_AND_CLOSE,He keeps waiting for the pre-marked area and a one-minute close rather than buying early.
d19a43da80ae0e3ab4207a73a35f317120d37c84,CKTqdFza1HE,2026-09-02,35:50-38:14,UNKNOWN,XAUUSD,CKTqdFza1HE-PB2-006,BADAR,medium,NY,UNKNOWN,UNKNOWN,NONE,UNKNOWN,UNKNOWN,BULL,ALIGNED,M5,NOT_YET,YES,M15_OB,UNKNOWN,NONE,UNCLEAR,UNCLEAR,REJECTION,M5,NOT_YET,UNCLEAR,NO,NO,UNCLEAR,UNKNOWN,,UNCLEAR,NONE,UNKNOWN,,WAIT,WAIT_CONFIRMATION_CLOSE,At 4385 he waits for the closing candle at the M15 order block before deciding.
d19a43da80ae0e3ab4207a73a35f317120d37c84,CKTqdFza1HE,2026-09-02,38:14,UNKNOWN,XAUUSD,CKTqdFza1HE-PB2-007,BADAR,medium,NY,UNKNOWN,UNKNOWN,NONE,UNKNOWN,UNKNOWN,BULL,ALIGNED,NONE,NOT_YET,YES,M15_OB,UNKNOWN,TRAP,UNCLEAR,UNCLEAR,ENGULF|REJECTION,M1/M5,ADEQUATE,YES,NO,NO,YES,ZONE,Small 25-pip style stop; less than half risk.,UNCLEAR,MARKET_CLOSE,REDUCED,LOW_CONFIDENCE,TRADE_LONG,TRADE_REDUCED_END_TIME_REJECTION,An end-time rejection/trap candle and engulf at the M15 OB triggers a less-than-half-risk long.
d19a43da80ae0e3ab4207a73a35f317120d37c84,CKTqdFza1HE,2026-09-02,35:50-43:06,UNKNOWN,XAUUSD,CKTqdFza1HE-PB2-008,BADAR,medium,NY,UNKNOWN,UNKNOWN,NONE,UNKNOWN,UNKNOWN,BULL,ALIGNED,NONE,NOT_YET,YES,M15_OB|FVG,UNKNOWN,RETRACE_TO_POI,UNCLEAR,UNCLEAR,NONE,UNKNOWN,NOT_YET,UNCLEAR,NO,NO,YES,ZONE,50-60 pips planned; actual risk sized down on a large account.,UNCLEAR,LIMIT_RETRACE,REDUCED,,TRADE_LONG,TRADE_LIMIT_AT_OB_GAP,He places a buy limit at 4378 in the M15 gap/order-block area and sizes the position down to the account risk.
d19a43da80ae0e3ab4207a73a35f317120d37c84,CKTqdFza1HE,2026-09-02,54:39-55:43,UNKNOWN,XAUUSD,CKTqdFza1HE-PB2-009,BADAR,medium,NY,UNKNOWN,UNKNOWN,NONE,UNKNOWN,UNKNOWN,BULL,COUNTERTREND,M5,NOT_YET,YES,OTHER,UNKNOWN,NONE,UNCLEAR,UNCLEAR,MOMENTUM_CLOSE,M5,WEAK,UNCLEAR,NO,NO,UNCLEAR,UNKNOWN,,UNCLEAR,NONE,UNKNOWN,,WAIT,WAIT_STRONGER_CLOSE,A sell sign appears but he says it is not good enough and would only take a proper entry after a stronger five-minute close.
d19a43da80ae0e3ab4207a73a35f317120d37c84,CKTqdFza1HE,2026-09-02,58:05,UNKNOWN,XAUUSD,CKTqdFza1HE-PB2-010,BADAR,medium,NY,UNKNOWN,UNKNOWN,NONE,UNKNOWN,UNKNOWN,BULL,ALIGNED,NONE,NOT_YET,YES,M15_OB|FVG,UNKNOWN,REJECTION,UNCLEAR,UNCLEAR,DOUBLE_CONFIRMATION,M1,STRONG,YES,YES,NO,YES,CONFIRMATION_CANDLE,,UNCLEAR,MARKET_CLOSE,REDUCED,SECOND_ENTRY,TRADE_LONG,TRADE_SECOND_CONFIRMATION,A second one-minute buy sign from the same 4378 area leads to another small entry with risk kept low.
d19a43da80ae0e3ab4207a73a35f317120d37c84,q6wgyFyzIs0,2026-08-31,4:23-6:32,UNKNOWN,XAUUSD,q6wgyFyzIs0-PB2-001,BADAR,medium,NY,UNKNOWN,UNKNOWN,NONE,BEAR,UNKNOWN,BEAR,ALIGNED,NONE,NOT_YET,APPROACHING,FVG,PREMIUM,RETRACE_TO_POI,UNCLEAR,UNCLEAR,NONE,UNKNOWN,NOT_YET,UNCLEAR,NO,NO,UNCLEAR,UNKNOWN,,UNCLEAR,NONE,UNKNOWN,,WAIT,WAIT_RETRACE,"NY bias is sell, but he waits for price to return into the FVG rather than selling current price."
d19a43da80ae0e3ab4207a73a35f317120d37c84,q6wgyFyzIs0,2026-08-31,12:44,UNKNOWN,XAUUSD,q6wgyFyzIs0-PB2-002,BADAR,medium,NY,UNKNOWN,UNKNOWN,NONE,BEAR,UNKNOWN,BEAR,ALIGNED,M15,NOT_YET,YES,M15_FVG,UNKNOWN,NONE,UNCLEAR,UNCLEAR,MOMENTUM_CLOSE,M15,NOT_YET,UNCLEAR,NO,NO,UNCLEAR,UNKNOWN,,UNCLEAR,NONE,UNKNOWN,,WAIT,WAIT_CONFIRMATION_CLOSE,He says the trade becomes available only if M15 gives a good sell close.
d19a43da80ae0e3ab4207a73a35f317120d37c84,q6wgyFyzIs0,2026-08-31,20:17,UNKNOWN,XAUUSD,q6wgyFyzIs0-PB2-003,BADAR,medium,NY,UNKNOWN,UNKNOWN,NONE,BEAR,UNKNOWN,BEAR,UNKNOWN,NONE,NOT_YET,NO,OTHER,MIDDLE,NONE,UNCLEAR,UNCLEAR,NONE,UNKNOWN,NOT_YET,UNCLEAR,NO,NO,UNCLEAR,UNKNOWN,,UNCLEAR,NONE,SKIP,,NO_TRADE,NO_TRADE_STRUCTURE_MISSING,"With a doji and no break of structure, he says there is no trade and waits for the upper area."
d19a43da80ae0e3ab4207a73a35f317120d37c84,q6wgyFyzIs0,2026-08-31,21:20-22:20,UNKNOWN,XAUUSD,q6wgyFyzIs0-PB2-004,BADAR,medium,NY,UNKNOWN,UNKNOWN,NONE,BEAR,UNKNOWN,BEAR,UNKNOWN,NONE,NOT_YET,YES,FVG,UNKNOWN,NONE,UNCLEAR,UNCLEAR,NONE,UNKNOWN,NOT_YET,UNCLEAR,NO,NO,UNCLEAR,UNKNOWN,,UNCLEAR,NONE,SKIP,,NO_TRADE,NO_TRADE_DIRECT_FVG,He rejects the proper/direct FVG sell from current price and says the proper trade should come from higher.
d19a43da80ae0e3ab4207a73a35f317120d37c84,q6wgyFyzIs0,2026-08-31,22:20-23:28,UNKNOWN,XAUUSD,q6wgyFyzIs0-PB2-005,BADAR,medium,NY,UNKNOWN,UNKNOWN,NONE,BEAR,UNKNOWN,BEAR,ALIGNED,NONE,NOT_YET,YES,M1_M5_FVG|WICKLESS_CANDLE,PREMIUM,RETRACE_TO_POI,UNCLEAR,UNCLEAR,NONE,UNKNOWN,NOT_YET,UNCLEAR,NO,NO,YES,ZONE,15-20 pips.,UNCLEAR,LIMIT_RETRACE,REDUCED,LOW_PROBABILITY,TRADE_SHORT,TRADE_SMALL_STOP_FVG,He takes a small-risk sell limit from a compact FVG/wickless-candle area because the stop is very small.
d19a43da80ae0e3ab4207a73a35f317120d37c84,q6wgyFyzIs0,2026-08-31,27:12,UNKNOWN,XAUUSD,q6wgyFyzIs0-PB2-006,BADAR,medium,NY,UNKNOWN,UNKNOWN,NONE,BEAR,UNKNOWN,BEAR,ALIGNED,NONE,NOT_YET,YES,M15_FVG|HIDDEN_OB,PREMIUM,RETRACE_TO_POI,UNCLEAR,UNCLEAR,NONE,UNKNOWN,NOT_YET,UNCLEAR,NO,NO,YES,ZONE,"Large initial structural stop, reduced later.",UNCLEAR,LIMIT_RETRACE,REDUCED,STARTER_ACCOUNT,TRADE_SHORT,TRADE_HIDDEN_OB_LIMIT,"He places the main sell limit at the M15 hidden OB/FVG in the broken-down structure, using reduced size."
d19a43da80ae0e3ab4207a73a35f317120d37c84,q6wgyFyzIs0,2026-08-31,33:51,UNKNOWN,XAUUSD,q6wgyFyzIs0-PB2-007,BADAR,medium,NY,UNKNOWN,UNKNOWN,NONE,BEAR,UNKNOWN,BEAR,UNKNOWN,NEXT_CANDLE,NOT_YET,YES,OTHER,UNKNOWN,NONE,UNCLEAR,UNCLEAR,MOMENTUM_CLOSE,M5/M15,WEAK,UNCLEAR,NO,NO,UNCLEAR,UNKNOWN,,UNCLEAR,NONE,UNKNOWN,,WAIT,WAIT_NON_DOJI_CLOSE,If the close is another doji he waits for the next candle; current chances are not strong enough.
d19a43da80ae0e3ab4207a73a35f317120d37c84,q6wgyFyzIs0,2026-08-31,46:22-47:27,UNKNOWN,XAUUSD,q6wgyFyzIs0-PB2-008,BADAR,medium,NY,UNKNOWN,UNKNOWN,NONE,BEAR,UNKNOWN,BEAR,UNKNOWN,NONE,NOT_YET,YES,OTHER,UNKNOWN,SWEEP,UNCLEAR,UNCLEAR,MOMENTUM_CLOSE,M15/M30,NOT_YET,UNCLEAR,NO,NO,UNCLEAR,UNKNOWN,,UNCLEAR,NONE,UNKNOWN,,WAIT,WAIT_SECOND_SWEEP_CLOSE,He wants another sweep and waits for the M15/M30 close before re-entering.
d19a43da80ae0e3ab4207a73a35f317120d37c84,q6wgyFyzIs0,2026-08-31,47:27-49:00,UNKNOWN,XAUUSD,q6wgyFyzIs0-PB2-009,BADAR,medium,NY,UNKNOWN,UNKNOWN,NONE,BEAR,UNKNOWN,BEAR,ALIGNED,NONE,NOT_YET,YES,EQUAL_HIGH|OB,TOP,SWEEP,YES,UNCLEAR,MOMENTUM_CLOSE,M15/M5,ADEQUATE,YES,NO,NO,YES,OUTER_SWING,,UNCLEAR,MARKET_CLOSE,NORMAL,,TRADE_SHORT,TRADE_SWEEP_M15_CLOSE,"After the equal-high area is swept and M15/M5 sell confirmation appears, he re-enters short."
d19a43da80ae0e3ab4207a73a35f317120d37c84,q6wgyFyzIs0,2026-08-31,60:05-62:07,UNKNOWN,XAUUSD,q6wgyFyzIs0-PB2-010,BADAR,medium,NY,UNKNOWN,UNKNOWN,NONE,BEAR,UNKNOWN,BEAR,UNKNOWN,NONE,NOT_YET,YES,OTHER,UNKNOWN,TRAP,UNCLEAR,UNCLEAR,INVERSE_CLOSE,M5,NOT_YET,UNCLEAR,NO,NO,UNCLEAR,UNKNOWN,,UNCLEAR,NONE,UNKNOWN,,WAIT,WAIT_NEXT_CANDLE_TRAP,A first bullish candle is not enough to call a trap; he waits for the next candle to sweep or close back inside.
d19a43da80ae0e3ab4207a73a35f317120d37c84,q6wgyFyzIs0,2026-08-31,63:12-67:17,UNKNOWN,XAUUSD,q6wgyFyzIs0-PB2-011,BADAR,medium,NY,UNKNOWN,UNKNOWN,NONE,UNKNOWN,UNKNOWN,BEAR,COUNTERTREND,NONE,NOT_YET,YES,OTHER,UNKNOWN,NONE,UNCLEAR,UNCLEAR,NONE,UNKNOWN,NOT_YET,UNCLEAR,NO,YES,UNCLEAR,UNKNOWN,,UNCLEAR,NONE,SKIP,,NO_TRADE,NO_TRADE_MISSED_MOVE,He notes a buy he wanted was missed and does not chase the later move.
d19a43da80ae0e3ab4207a73a35f317120d37c84,u7KGSeF2lA0,2026-08-28,8:00-9:03,UNKNOWN,XAUUSD,u7KGSeF2lA0-PB2-001,BADAR,medium,NY,UNKNOWN,PRE_NEWS,NEWS,UNKNOWN,UNKNOWN,UNKNOWN,UNKNOWN,NONE,NOT_YET,YES,OTHER,UNKNOWN,NONE,UNCLEAR,UNCLEAR,MOMENTUM_CLOSE,M15/M1,FAILED,UNCLEAR,NO,NO,UNCLEAR,UNKNOWN,,UNCLEAR,NONE,SKIP,NEWS,NO_TRADE,NO_TRADE_PRE_NEWS_REJECTION,A planned half-risk pre-news buy is cancelled when the last candle develops rejection instead of a strong close.
d19a43da80ae0e3ab4207a73a35f317120d37c84,u7KGSeF2lA0,2026-08-28,10:03-11:03,UNKNOWN,XAUUSD,u7KGSeF2lA0-PB2-002,BADAR,medium,NY,UNKNOWN,ACTIVE_NEWS,NEWS,UNKNOWN,UNKNOWN,UNKNOWN,UNKNOWN,NONE,NOT_YET,YES,OTHER,UNKNOWN,NONE,UNCLEAR,UNCLEAR,NONE,UNKNOWN,NOT_YET,UNCLEAR,NO,NO,UNCLEAR,UNKNOWN,,UNCLEAR,NONE,SKIP,NEWS,WAIT,WAIT_NEWS_SETTLE,Immediately after the release he waits through server/spread instability and calls safety the first priority.
d19a43da80ae0e3ab4207a73a35f317120d37c84,u7KGSeF2lA0,2026-08-28,12:05,UNKNOWN,XAUUSD,u7KGSeF2lA0-PB2-003,BADAR,medium,NY,UNKNOWN,POST_NEWS,NEWS,UNKNOWN,UNKNOWN,UNKNOWN,UNKNOWN,NONE,NOT_YET,YES,SELL_SIDE_LIQUIDITY,BOTTOM,SWEEP,YES,UNCLEAR,NONE,UNKNOWN,NOT_YET,UNCLEAR,NO,NO,YES,SWEEP_EXTREME,Very large >120-pip stop; risk less than half.,UNCLEAR,MARKET_CLOSE,REDUCED,NEWS|LARGE_STOP,TRADE_LONG,TRADE_REDUCED_POST_NEWS_LIQUIDITY,Two minutes after release he buys at sell-side liquidity with less-than-half risk because the structural stop is very large.
d19a43da80ae0e3ab4207a73a35f317120d37c84,u7KGSeF2lA0,2026-08-28,17:05-19:16,UNKNOWN,XAUUSD,u7KGSeF2lA0-PB2-004,BADAR,medium,NY,UNKNOWN,POST_NEWS,NEWS,UNKNOWN,UNKNOWN,UNKNOWN,UNKNOWN,NONE,NOT_YET,YES,H1_DEMAND|HIDDEN_OB,BOTTOM,NONE,UNCLEAR,UNCLEAR,NONE,UNKNOWN,NOT_YET,UNCLEAR,NO,NO,YES,UNKNOWN,Stop too large.,UNCLEAR,NONE,SKIP,LARGE_STOP|NEWS,NO_TRADE,NO_TRADE_BIG_STOP,At the hidden order block/demand he refuses to advise or take the immediate buy because the stop remains too large.
d19a43da80ae0e3ab4207a73a35f317120d37c84,u7KGSeF2lA0,2026-08-28,20:28-22:19,UNKNOWN,XAUUSD,u7KGSeF2lA0-PB2-005,BADAR,medium,NY,UNKNOWN,POST_NEWS,NEWS,UNKNOWN,UNKNOWN,UNKNOWN,UNKNOWN,NONE,NOT_YET,YES,OTHER,UNKNOWN,NONE,UNCLEAR,UNCLEAR,MOMENTUM_CLOSE,M1,STRONG,UNCLEAR,NO,YES,UNCLEAR,UNKNOWN,,UNCLEAR,NONE,SKIP,,NO_TRADE,NO_TRADE_MISSED_CONFIRMATION,A strong sell sign appears but execution/terminal lag prevents the close he wanted; he does not chase it.
d19a43da80ae0e3ab4207a73a35f317120d37c84,u7KGSeF2lA0,2026-08-28,22:19-25:20,UNKNOWN,XAUUSD,u7KGSeF2lA0-PB2-006,BADAR,medium,NY,UNKNOWN,POST_NEWS,NEWS,UNKNOWN,UNKNOWN,UNKNOWN,UNKNOWN,NONE,NOT_YET,YES,H1_DEMAND|SESSION_LOW,BOTTOM,SWEEP,UNCLEAR,UNCLEAR,CLOSE_BACK_INSIDE,M1,NOT_YET,UNCLEAR,NO,NO,UNCLEAR,UNKNOWN,,UNCLEAR,NONE,UNKNOWN,,WAIT,WAIT_SWEEP_CONFIRM,He waits for the second low sweep and a one-minute close back before buying.
d19a43da80ae0e3ab4207a73a35f317120d37c84,u7KGSeF2lA0,2026-08-28,25:20,UNKNOWN,XAUUSD,u7KGSeF2lA0-PB2-007,BADAR,medium,NY,UNKNOWN,POST_NEWS,NEWS,UNKNOWN,UNKNOWN,UNKNOWN,UNKNOWN,NONE,NOT_YET,YES,H1_DEMAND|SESSION_LOW,BOTTOM,SWEEP,YES,YES,CLOSE_BACK_INSIDE,M1,STRONG,YES,NO,NO,YES,SWEEP_EXTREME,,UNCLEAR,MARKET_CLOSE,REDUCED,NEWS,TRADE_LONG,TRADE_REDUCED_SECOND_SWEEP,"After the second low sweep at H1 demand and M1 close back, he buys with reduced risk."
d19a43da80ae0e3ab4207a73a35f317120d37c84,u7KGSeF2lA0,2026-08-28,33:07-34:40,UNKNOWN,XAUUSD,u7KGSeF2lA0-PB2-008,BADAR,medium,NY,UNKNOWN,POST_NEWS,NEWS,UNKNOWN,UNKNOWN,BEAR,ALIGNED,NONE,NOT_YET,YES,RETEST_AREA,UNKNOWN,CONTINUATION_RETEST,UNCLEAR,UNCLEAR,MOMENTUM_CLOSE,M1,STRONG,YES,NO,NO,YES,UNKNOWN,Large ~100-pip stop; half risk.,UNCLEAR,MARKET_CLOSE,REDUCED,NEWS|LARGE_STOP,TRADE_SHORT,TRADE_REDUCED_TREND_MOMENTUM,A wickless M1 sell close in the short-term sell direction triggers a half-risk short because the stop is large.
d19a43da80ae0e3ab4207a73a35f317120d37c84,u7KGSeF2lA0,2026-08-28,40:00-41:02,UNKNOWN,XAUUSD,u7KGSeF2lA0-PB2-009,BADAR,medium,NY,UNKNOWN,UNKNOWN,NONE,UNKNOWN,UNKNOWN,BEAR,COUNTERTREND,NONE,NOT_YET,YES,FVG|OB,UNKNOWN,NONE,UNCLEAR,UNCLEAR,MOMENTUM_CLOSE,M1,WEAK,UNCLEAR,NO,NO,UNCLEAR,UNKNOWN,,UNCLEAR,NONE,SKIP,,NO_TRADE,NO_TRADE_BARRIER_ABOVE,"A buy sign appears after the short, but the overhead gap/order block makes the buy unattractive."
d19a43da80ae0e3ab4207a73a35f317120d37c84,u7KGSeF2lA0,2026-08-28,43:19,UNKNOWN,XAUUSD,u7KGSeF2lA0-PB2-010,BADAR,medium,NY,UNKNOWN,UNKNOWN,NONE,UNKNOWN,UNKNOWN,UNKNOWN,UNKNOWN,NONE,NOT_YET,YES,OTHER,UNKNOWN,NONE,UNCLEAR,UNCLEAR,NONE,UNKNOWN,NOT_YET,UNCLEAR,NO,NO,UNCLEAR,UNKNOWN,,UNCLEAR,NONE,SKIP,,NO_TRADE,NO_TRADE_OVERTRADE,"He explicitly stops after the day's profit, saying another trade would be overtrading."
d19a43da80ae0e3ab4207a73a35f317120d37c84,IQ4J5GJJK5Q,2026-08-17,8:00-9:02,UNKNOWN,XAUUSD,IQ4J5GJJK5Q-PB2-001,BADAR,medium,NY,UNKNOWN,UNKNOWN,NONE,UNKNOWN,UNKNOWN,BEAR,ALIGNED,NONE,NOT_YET,YES,M5_OB|SUPPLY_DEMAND,PREMIUM,SWEEP,YES,YES,INVERSE_CLOSE,M1/M5,STRONG,YES,NO,NO,YES,SWEEP_EXTREME,,UNCLEAR,MARKET_CLOSE,NORMAL,,TRADE_SHORT,TRADE_SWEEP_INVERSE_CLOSE,A liquidity sweep into the order block plus inverse close and M5 doji leads to an M1 short.
d19a43da80ae0e3ab4207a73a35f317120d37c84,IQ4J5GJJK5Q,2026-08-17,16:30,UNKNOWN,XAUUSD,IQ4J5GJJK5Q-PB2-002,BADAR,medium,NY,UNKNOWN,UNKNOWN,NONE,UNKNOWN,UNKNOWN,BEAR,ALIGNED,M2,NOT_YET,YES,OTHER,UNKNOWN,NONE,UNCLEAR,UNCLEAR,MOMENTUM_CLOSE,M2,NOT_YET,UNCLEAR,NO,NO,UNCLEAR,UNKNOWN,,UNCLEAR,NONE,UNKNOWN,,WAIT,WAIT_CONFIRMATION_CLOSE,After TP1 he does not immediately re-sell the same area and waits for a two-minute close.
d19a43da80ae0e3ab4207a73a35f317120d37c84,IQ4J5GJJK5Q,2026-08-17,17:31-18:35,UNKNOWN,XAUUSD,IQ4J5GJJK5Q-PB2-003,BADAR,medium,NY,UNKNOWN,UNKNOWN,NONE,UNKNOWN,UNKNOWN,BEAR,ALIGNED,NONE,NOT_YET,NO,OTHER,UNKNOWN,NONE,UNCLEAR,UNCLEAR,NONE,UNKNOWN,NOT_YET,UNCLEAR,NO,YES,UNCLEAR,UNKNOWN,,UNCLEAR,NONE,SKIP,,NO_TRADE,NO_TRADE_FAST_IMPULSE,He refuses to sell into a fast bullish impulse and waits for the higher marked area instead.
d19a43da80ae0e3ab4207a73a35f317120d37c84,IQ4J5GJJK5Q,2026-08-17,19:37-20:38,UNKNOWN,XAUUSD,IQ4J5GJJK5Q-PB2-004,BADAR,medium,NY,UNKNOWN,UNKNOWN,NONE,UNKNOWN,UNKNOWN,BEAR,ALIGNED,NONE,NOT_YET,YES,M15_SUPPLY|SWING_HIGH,TOP,SWEEP,YES,UNCLEAR,NONE,UNKNOWN,NOT_YET,UNCLEAR,NO,NO,YES,SWEEP_EXTREME,Very small stop at the swept high.,UNCLEAR,LIMIT_RETRACE,NORMAL,,TRADE_SHORT,TRADE_HIGH_SWEEP_LIMIT,He waits for the upper supply/high sweep and uses a sell limit/direct entry from the high with a very small stop.
d19a43da80ae0e3ab4207a73a35f317120d37c84,IQ4J5GJJK5Q,2026-08-17,22:52,UNKNOWN,XAUUSD,IQ4J5GJJK5Q-PB2-005,BADAR,medium,NY,UNKNOWN,UNKNOWN,NONE,UNKNOWN,UNKNOWN,BEAR,ALIGNED,M1,NOT_YET,YES,OTHER,UNKNOWN,NONE,UNCLEAR,UNCLEAR,MOMENTUM_CLOSE,M1,NOT_YET,UNCLEAR,NO,NO,UNCLEAR,UNKNOWN,,UNCLEAR,NONE,UNKNOWN,,WAIT,WAIT_REENTRY_CLOSE,He considers a third short only if the current candle closes appropriately; no third entry occurs.
d19a43da80ae0e3ab4207a73a35f317120d37c84,IQ4J5GJJK5Q,2026-08-17,24:37-29:56,UNKNOWN,XAUUSD,IQ4J5GJJK5Q-PB2-006,BADAR,medium,NY,UNKNOWN,UNKNOWN,NEWS_HEADLINE,UNKNOWN,UNKNOWN,MIXED,UNKNOWN,NONE,NOT_YET,APPROACHING,FVG,DISCOUNT,NONE,UNCLEAR,UNCLEAR,MOMENTUM_CLOSE,M1/M3,NOT_YET,UNCLEAR,NO,NO,UNCLEAR,UNKNOWN,,UNCLEAR,NONE,UNKNOWN,,WAIT,WAIT_RETRACE_CONFIRM,After a sudden bullish news-driven move he considers buying only after a pullback to the FVG and fresh lower-timeframe confirmation.
